<?xml version="1.0" encoding="UTF-8"?>
<project-record>
    <meta>
        <title>TPC6</title>
        <key-name>a66jbj</key-name>
        <supervisors>
            <supervisor>
                <name>José Carlos Ramalho</name>
                <email>jcr@di.uminho.pt</email>
                <homepage>http://www3.di.uminho.pt/~jcr/</homepage>
            </supervisor>
        </supervisors>
        <subtitle>Processamento e Representação de Conhecimento</subtitle>
        <begin-date>Maio 2015</begin-date>
        <end-date>Maio 2015</end-date>
    </meta>
    <abstract>
    <b>Web Services  o que são ?</b>
       <p></p>
        <p>
            Web service é uma solução utilizada na integração de sistemas e na comunicação entre aplicações diferentes.
            Com esta tecnologia é possível que novas aplicações possam interagir com aquelas que já existem 
            e que sistemas desenvolvidos em plataformas diferentes sejam compatíveis. 
            Os Web services são componentes que permitem às aplicações enviar e receber dados em formato XML. 
            Cada aplicação pode ter a sua própria "linguagem", 
            que é traduzida para uma linguagem universal, um formato intermediário como XML, Json, CSV, etc.
        </p>
        <b> PHP e NuSoap </b>
        <p>
            Existem várias possibilidades para implementar este tipo de serviços, contudo para este caso foi implementado usando <i>NuSoap</i>.
            A biblioteca <i>NuSoap</i> compatível com a linguagem <i>PHP</i>, é a responsável por encapsular as aplicações em formato de Web services.
            A <i>NuSoap</i> é uma biblioteca de classes <i>PHP</i> que permite o envio e o recebimento de mensagens <i>SOAP</i> sobre o protocolo <i>HTTP</i>.
            Originalmente distribuida pela NuSphere Corporation, é open source e licenciada sobre as normas do <i>GNU LGPL</i>. Uma das vantagens da <i>nuSoap</i>
            é que não é uma extensão do <i>PHP</i> , mas é escrita em <i>PHP</i> puro.
          
        </p>
        
        <img url="http://www.devarticles.com/images/web_services_php_nusoap_1.jpg">Exemplo</img>
        
        <b>Objectivo</b>
        <p>Neste trabalho de casa o objectivo era construir um web service utilizando NuSoap que oferecesse dois métodos :</p>
        <ul>
            <li>Determinar qual o dia de uma data dada pelo utilizador</li>
            <li>Ler um ficheiro xml, dado pelo utilizador, com os campos nome e data de nascimento e posteriormente,
                construir uma tabela em html com o nome,data de nascimento e dia da semana. </li>
        </ul>
      <p></p>  
      <b>Server.php</b>
        <p>Para o servidor foram criados dois métodos para os objectivos pedidos. O primeiro método, <i>devolve_dia_da_semama</i>
            recebe um dia, um mês e um ano, valida os dados e devolve o dia da semana. Para verificar qual era o dia da data foram usadas as funções <i> date e strtotime</i> do <i>php</i>.
            Por outro lado, para o segundo método,<i>devolve_tabela</i> foi lido um ficheiro <i>xml</i> através do <i>simplexml</i> e posteriormente foram enviados os dados para o cliente
            em formato <i>json</i> para a criação da tabela. 
        </p>
      
      <b>Client.php</b>
        <p>O cliente é responsável por enviar os dados para o servidor e posteriormente recebê-los, interpretá-los e disponibilizá-los ao utilizador. De modo
        a uma melhor interface foi usado <i>bootstrap</i> e <i>jquery</i>.</p>
        
       <p> Como extra foi implementado o cliente em <i> PERL </i> contendo apenas o método para determinar o dia da semana para uma data dada.</p>
        
        </abstract>
    <workteam>
        <student>
            <ident>64283</ident>
            <name>Sérgio Manuel Pereira Simões</name>
            <email>sergiohero@gmail.com</email>
        </student>
        
        
    </workteam>
   <deliverables>
       
       <xref url="project-record.html">project-record.html</xref>
       <xref url="xml/project-record.xml">project-record.xml</xref>
       <xref url="xsl/project-record.xsl">project-record.xsl</xref>
       <xref url="server.php">Servidor em PHP</xref>
       <xref url="client.php">Cliente em PHP</xref>
       <xref url="lib">Biblioteca de nuSOAP</xref>
       <xref url="xml/datas.xml">datas.xml</xref>
       <xref url="footer.php">Footer</xref>
       <xref url="header.php">Header</xref>
       <xref url="js">Scripts</xref>
       <xref url="perl/client.pl">Cliente em Perl</xref>
       
       
   </deliverables>
</project-record>