<?xml version="1.0" encoding="UTF-8"?>
<!DOCTYPE project-record SYSTEM "file:/Applications/oxygen/Ficheiros/correcao.dtd">
<project-record>
    <meta>
        <title>Schema e Stylesheet para tratamento de teses em XML</title>
        <subtitle> Relatório inserido nos trabalhos práticos da cadeira de PED do MICEI 2001/02</subtitle>
        <key-name>PED_MICEI2002_TESES</key-name>
        <supervisors>
            <supervisor>
                <name>José Carlos Ramalho</name>
                <email>jcr@di.uminho.pt</email>
                <homepage>http://www3.di.uminho.pt/~jcr/</homepage>
            </supervisor>
        </supervisors>
        <begin-date>Setembro 2002</begin-date>
        <end-date>Setembro 2002</end-date>
    </meta>
    <abstract>
        <p>O XML, validado pelo schema, juntamente com o potente processamento via XSLT, permite dispor de facilidades acrescidas no tratamento de informação de uma forma 
            <b>standard e partilhável</b>. Estas são, além de outras evidentes vantagens, as que abrem caminho a uma mais que provável evolução desta tecnologia nos círculos 
            comerciais e de investigação. Outro facto importante, diz respeito à substituição de interfaces EDI por XML em aplicações bussiness oriented.</p>
        <p>O trabalho apresentado contempla um schema, <b>uma stylesheet, e a instância do schema</b> em XML. A instância é o próprio relatório.</p>
        <p>O trabalho pretende definir uma estrutura expedita e funcional, passível de ser aplicada a um trabalho descritivo, como por exemplo uma tese. 
            Não é objectivo do trabalho criar uma implementação sistemática de todos os objectos possíveis, 
            mas sim criar algumas utilizações mais comuns para exemplificar a potência destas linguagens.</p>
        <p>Ficam neste trabalho em aberto algumas ideias, a serem aplicadas mais tarde a quando da escrita da tese, ou pré-tese, 
            porque na verdade o facto de manter o documento num formato exportável para vários formatos, para várias plataformas, e anotado, 
            garante qualquer tratamento no futuro, constituindo uma vantagem muito importante a ter em conta.   
        </p>
    </abstract>
    <workteam>
        <student>
            <ident>1</ident>
            <name>Guilherme António Teixeira</name>
            <email>guilherme.teixeira@neoplastica.com</email>
        </student>
    </workteam>
    <deliverables>
        <xref url="http://www3.di.uminho.pt/~jcr/PROJS/micei2002/guilherme/ped_micei2002.html">Report (HTML version)</xref>
    </deliverables>
</project-record>