INSERT INTO Entidade(bi,nome,freguesia,local_nascimento,data,nome_pai,nome_mae,conjugue,estado_civil) VALUES(827491,'Maria da Cunha Marques ','Varzeacova ','Fafe ','1938-02-07','Dulcídio Marques ','Emília Cunha ','FernandoMachadoFerreira','casado');
INSERT INTO Entidade(bi,nome,freguesia,local_nascimento,data,nome_pai,nome_mae,conjugue,estado_civil) VALUES(2665155,'Manuel Vaz ','Monte ','Fafe ','1924-03-26','Júlio Vaz ','Virgínia Delgado ','MariaVazMonteiro','casado');
INSERT INTO Entidade(bi,nome,freguesia,local_nascimento,data,nome_pai,nome_mae,conjugue,estado_civil) VALUES(1972857,'Ilídio David de Freitas ','Travassós ','Fafe ','1929-05-24','Rodrigo da Silva ','Vigínia de Freitas ','DeolindaNogueira','casado');
INSERT INTO Entidade(bi,nome,freguesia,local_nascimento,data,nome_pai,nome_mae,conjugue,estado_civil) VALUES(2793505,'Maria da Conceição Ribeiro ','Regadas ','Fafe ','1928-05-30','Manuel Ferreira ','Albertina Ribeiro ','ManuelPinto','casado');
INSERT INTO Entidade(bi,nome,freguesia,local_nascimento,data,nome_pai,nome_mae,conjugue,estado_civil) VALUES(1942770,'Manuel da Costa ','Fafe ','Fafe ','1925-09-28','Joaquim da Costa ','Rosalina Rodrigues da Silva ','SoledadeQueirós','casado');
INSERT INTO Entidade(bi,nome,freguesia,local_nascimento,data,nome_pai,nome_mae,conjugue,estado_civil) VALUES(2777058,'Horácio Gomes Lopes ','Agrela ','Fafe ','1945-05-16','Abel Gomes Lopes ','Florinda Gonçalves ',null,'solteiro');
INSERT INTO Entidade(bi,nome,freguesia,local_nascimento,data,nome_pai,nome_mae,conjugue,estado_civil) VALUES(2654893,'António de Freitas ','Arões S. Romão ','Fafe ','1924-06-07','Armindo de Freitas ','Emília de Oliveira ','EmíliadeBastos','casado');
INSERT INTO Entidade(bi,nome,freguesia,local_nascimento,data,nome_pai,nome_mae,conjugue,estado_civil) VALUES(2779953,'Augusto Cruz Gonçalves ','Freitas ','Fafe ','1924-08-07','António José Gonçalves ','Joaquina Baptista da Cruz ','IsabeldeSousa','casado');
INSERT INTO Entidade(bi,nome,freguesia,local_nascimento,data,nome_pai,nome_mae,conjugue,estado_civil) VALUES(2796256,'Arminda de Freitas ','Golães ','Fafe ','1923-04-25','Albino de Freitas ','Rosa de Castro Noval ','AbílioNogueira','casado');
INSERT INTO Entidade(bi,nome,freguesia,local_nascimento,data,nome_pai,nome_mae,conjugue,estado_civil) VALUES(2773394,'Ilda Teixeira ','Antime ','Fafe ','1930-10-20','António Teixeira ','Emília Teixeira ','AlbinoMartins','casado');
INSERT INTO Entidade(bi,nome,freguesia,local_nascimento,data,nome_pai,nome_mae,conjugue,estado_civil) VALUES(2732617,'Albano Costa ','Fornelos ','Fafe ','1934-11-09','Abílio da Costa ','Rosalina de Sousa ','ArmindadeLourdesVieira','casado');
INSERT INTO Entidade(bi,nome,freguesia,local_nascimento,data,nome_pai,nome_mae,conjugue,estado_civil) VALUES(1730224,'António de Castro ','Moreira de Rei ','Fafe ','1925-10-30','Joaquim de Castro ','Engrácia Lourenço ','MariadeJesusRibeiroLuiz','casado');
INSERT INTO Entidade(bi,nome,freguesia,local_nascimento,data,nome_pai,nome_mae,conjugue,estado_civil) VALUES(2800008,'Custódia Rodrigues ','Asias ','Ponte da Barca ','1925-11-24','António Joaquim Antunes ','Júlia Rodrigues ','JoaquimVaz','casado');
INSERT INTO Entidade(bi,nome,freguesia,local_nascimento,data,nome_pai,nome_mae,conjugue,estado_civil) VALUES(2751805,'Irene Pereira ','Estorãos ','Fafe ','1933-06-09','António Antunes ','Olinda Pereira ','DomingosMoreiradaSilva','casado');
INSERT INTO Entidade(bi,nome,freguesia,local_nascimento,data,nome_pai,nome_mae,conjugue,estado_civil) VALUES(2798724,'António da Cunha ','Revelhe ','Fafe ','1920-02-06','Florêncio da Cunha ','Silvina Francisco ','DomiciliaGonçalves','casado');
INSERT INTO Entidade(bi,nome,freguesia,local_nascimento,data,nome_pai,nome_mae,conjugue,estado_civil) VALUES(2711499,'António Gonçalves ','Queimadela ','Fafe ','1935-08-06','Adriano Gonçalves ','Maria Domingues ','MariaCosta','casado');
INSERT INTO Entidade(bi,nome,freguesia,local_nascimento,data,nome_pai,nome_mae,conjugue,estado_civil) VALUES(949976,'Laurentino Gonçalves ','Monte ','Fafe ','1933-04-24','Claudino Gonçalves ','Júlia Moreira ','JúliaGonçalves','casado');
INSERT INTO Entidade(bi,nome,freguesia,local_nascimento,data,nome_pai,nome_mae,conjugue,estado_civil) VALUES(2679684,'Abel Marques Lameiras ','Gontim ','Fafe ','1962-02-13','Herculano José Marques Lameiras ','Felismina Francisco Salgueiro ','MariaGonçalvesdeMacedo','casado');
INSERT INTO Entidade(bi,nome,freguesia,local_nascimento,data,nome_pai,nome_mae,conjugue,estado_civil) VALUES(1707142,'Manuel Costa ','Cepães ','Fafe ','1936-11-12','Paulo da Costa ','Maria Correia ','mariaAdéliaLeite','casado');
INSERT INTO Entidade(bi,nome,freguesia,local_nascimento,data,nome_pai,nome_mae,conjugue,estado_civil) VALUES(947575,'Manuel Teixeira ','Antime ','Fafe ','1935-14-07','António Teixeira ','Emília Teixeira ','EsperançaLeite','casado');
INSERT INTO Entidade(bi,nome,freguesia,local_nascimento,data,nome_pai,nome_mae,conjugue,estado_civil) VALUES(2790420,'Edite Silva Lemos Oliveira ','Antime ','Fafe ','1934-04-27','Joaquim Lemos Oliveira ','Isaura da Silva ','MarcelinoGonçalves','casado');
INSERT INTO Entidade(bi,nome,freguesia,local_nascimento,data,nome_pai,nome_mae,conjugue,estado_civil) VALUES(1932615,'António Gonçalves Costa ','Serafão ','Fafe ','1944-06-12','Claudino da Costa ','Amália Gonçalves ',null,'solteiro');
INSERT INTO Entidade(bi,nome,freguesia,local_nascimento,data,nome_pai,nome_mae,conjugue,estado_civil) VALUES(2803062,'Joaquim Ferreira Leite ','Cepães ','Fafe ','1931-07-25','José Leite ','Maria Soares Ferreira ','EmíliadeOliveira','casado');
INSERT INTO Entidade(bi,nome,freguesia,local_nascimento,data,nome_pai,nome_mae,conjugue,estado_civil) VALUES(1734417,'Florêncio Fernandes ','Fafe ','Fafe ','1923-11-25','Joaquim Fernandes ','Florinda da Costa ','AnaNeves','casado');
INSERT INTO Entidade(bi,nome,freguesia,local_nascimento,data,nome_pai,nome_mae,conjugue,estado_civil) VALUES(1763562,'José Parisio Antunes ','Serafão ','Fafe ','1945-05-15','Avelino Antunes ','Olivia Antunes ',null,'solteiro');
INSERT INTO Entidade(bi,nome,freguesia,local_nascimento,data,nome_pai,nome_mae,conjugue,estado_civil) VALUES(2779951,'Carlos de Freitas ','Freitas ','Fafe ','1927-11-14','João de Freitas ','Emília Mendes ','ClementinaRosaMarques','casado');
INSERT INTO Entidade(bi,nome,freguesia,local_nascimento,data,nome_pai,nome_mae,conjugue,estado_civil) VALUES(2791910,'António Martins ','Golães ','Fafe ','1932-03-3','Joaquim Martins ','Rosalina de Oliveira ','MariadoCarmoRodrigues','casado');
INSERT INTO Entidade(bi,nome,freguesia,local_nascimento,data,nome_pai,nome_mae,conjugue,estado_civil) VALUES(877533,'Manuel Martins ','Golães ','Fafe ','1933-09-02','Joaquim Martins ','Rosalina de Oliveira ','MariaLopes','casado');
INSERT INTO Entidade(bi,nome,freguesia,local_nascimento,data,nome_pai,nome_mae,conjugue,estado_civil) VALUES(2744792,'Joaquim Leite ','Arões Sta. Cristina ','Fafe ','1931-10-14','Francisco Leite ','Emília Correia ','MariadeLourdesPereira','casado');
INSERT INTO Entidade(bi,nome,freguesia,local_nascimento,data,nome_pai,nome_mae,conjugue,estado_civil) VALUES(2809709,'Rosa Martinho ','Quinchães ','Fafe ','1926-03-26','Manuel Marinho ','Emília de Oliveira ','ManueldaCosta','casado');
INSERT INTO Entidade(bi,nome,freguesia,local_nascimento,data,nome_pai,nome_mae,conjugue,estado_civil) VALUES(1894249,'Luís Mário Costa ','Silvares S. Martinho ','Fafe ','1935-10-27','António Costa ','Rosalina Pinto ','RosaGonçalvesMonteiro','casado');
INSERT INTO Entidade(bi,nome,freguesia,local_nascimento,data,nome_pai,nome_mae,conjugue,estado_civil) VALUES(749775,'Armindo de Neiva ','Pedraido ','Fafe ','1928-01-03','António de Neiva ','Maria Gonçalves ','OlindaLourenço','casado');
INSERT INTO Entidade(bi,nome,freguesia,local_nascimento,data,nome_pai,nome_mae,conjugue,estado_civil) VALUES(720807,'Lucinda Ribeiro ','S. Gens ','Fafe ','1935-07-29','Júlio Ribeiro ','Maria Nogueira ','AlbanoGonçalves','casado');
INSERT INTO Entidade(bi,nome,freguesia,local_nascimento,data,nome_pai,nome_mae,conjugue,estado_civil) VALUES(2803061,'Joaquim Ferreira Alves ','Medelo ','Fafe ','1944-08-23','Abílio Alves ','Ricardina Pereira ',null,'solteiro');
INSERT INTO Entidade(bi,nome,freguesia,local_nascimento,data,nome_pai,nome_mae,conjugue,estado_civil) VALUES(2770604,'Adriano Oliveira ','Arões Sta. Cristina ','Fafe ','1933-11-02','Manuel de Oliveira ','Rosa de Jesus Ferreira ','CamilaFernandes','casado');
INSERT INTO Entidade(bi,nome,freguesia,local_nascimento,data,nome_pai,nome_mae,conjugue,estado_civil) VALUES(917384,'Domingos Freitas Pereira ','Vilacova ','Fafe ','1928-11-11','António Pereira ','Maria da Conceição Freitas ','MariaEmíliadeFreitas','casado');
INSERT INTO Entidade(bi,nome,freguesia,local_nascimento,data,nome_pai,nome_mae,conjugue,estado_civil) VALUES(2793387,'Manuel Braz Rebelo ','Monte ','Fafe ','1944-12-08','José Joaquim Rebelo ','Júlia de Magalhães Braz ',null,'solteiro');
INSERT INTO Entidade(bi,nome,freguesia,local_nascimento,data,nome_pai,nome_mae,conjugue,estado_civil) VALUES(2805845,'Joaquim Lopes Novais ','Silvares S. Martinho ','Fafe ','1945-07-21','Abel Novais ','Rosinda Lopes ',null,'solteiro');
INSERT INTO Entidade(bi,nome,freguesia,local_nascimento,data,nome_pai,nome_mae,conjugue,estado_civil) VALUES(2685009,'João Fernandes ','Fafe ','Fafe ','1933-04-15','Joaquim Fernandes ','Florinda da Costa ','DomiciliadeOliveiradaMota','casado');
INSERT INTO Entidade(bi,nome,freguesia,local_nascimento,data,nome_pai,nome_mae,conjugue,estado_civil) VALUES(976648,'Manuel Neves ','Fafe ','Fafe ','1937-12-08','António Neves ','Maria Lopes ','MariadeLourdesRodrigues','casado');
INSERT INTO Entidade(bi,nome,freguesia,local_nascimento,data,nome_pai,nome_mae,conjugue,estado_civil) VALUES(2673066,'Maria Lourenço do Vale ','Pedraido ','Fafe ','1921-08-30','José Lourenço do Vale ','Albina Simões ','JoséRodrigues','casado');
INSERT INTO Entidade(bi,nome,freguesia,local_nascimento,data,nome_pai,nome_mae,conjugue,estado_civil) VALUES(950958,'Manuel Cunha Bastos ','Quinchães ','Fafe ','1932-12-15','António Cunha Bastos ','Rosalina Pinto ','MariaGlóriaRodriguesOliveira','casado');
INSERT INTO Entidade(bi,nome,freguesia,local_nascimento,data,nome_pai,nome_mae,conjugue,estado_civil) VALUES(2809577,'Alzira Gonçalves ','Revelhe ','Fafe ','1910-02-24','Manuel Gonçalves ','Albina Mendes ',null,'solteiro');
INSERT INTO Entidade(bi,nome,freguesia,local_nascimento,data,nome_pai,nome_mae,conjugue,estado_civil) VALUES(2793806,'Joaquim Armando Ferreira ','Infantas ','Guimarães ','1922-06-22','José Pereira ','Rosa Alves ','AméliaMartinsFernandes','casado');
INSERT INTO Entidade(bi,nome,freguesia,local_nascimento,data,nome_pai,nome_mae,conjugue,estado_civil) VALUES(2764673,'António João Gonçalves ','Felgueiras ','Fafe ','1928-11-24','Júlio João ','Margarida Gonçalves ','MariadaConceiçãoSilva','casado');
INSERT INTO Entidade(bi,nome,freguesia,local_nascimento,data,nome_pai,nome_mae,conjugue,estado_civil) VALUES(2798046,'Óscar Marques ','Freitas ','Fafe ','1917-10-31','Eugénio Ribeiro Marques ','Adélia de Carvalho ','MariaTerezaMarques','casado');
INSERT INTO Entidade(bi,nome,freguesia,local_nascimento,data,nome_pai,nome_mae,conjugue,estado_civil) VALUES(2711268,'Felismina Fernandes ','Ribeiros ','Fafe ','1943-02-11','António Fernandes ','Albertina Soares ','JoséAntónioAntunesGonçalves','casado');
INSERT INTO Entidade(bi,nome,freguesia,local_nascimento,data,nome_pai,nome_mae,conjugue,estado_civil) VALUES(1681275,'Joaquim Nogueira ','Aões S. Romão ','Fafe ','1932-01-17','Ângelo Nogueira ','Emília Ferreira ','JoaquinaFreitas','casado');
INSERT INTO Entidade(bi,nome,freguesia,local_nascimento,data,nome_pai,nome_mae,conjugue,estado_civil) VALUES(22807559,'Maria da Conceição Vaz Branco ','Aboim ','Fafe ','1941-01-27','Manuel Vaz Branco ','Maria Ferreira Machado ',null,'solteiro');
INSERT INTO Entidade(bi,nome,freguesia,local_nascimento,data,nome_pai,nome_mae,conjugue,estado_civil) VALUES(1892688,'João Leite ','Fareja ','Fare ','1930-05-10','Francisco Leite ','Rosa Leite ','NatividadedaCostaLeite','casado');
INSERT INTO Entidade(bi,nome,freguesia,local_nascimento,data,nome_pai,nome_mae,conjugue,estado_civil) VALUES(1807470,'António Alberto Teixeira da Silva e Castro ','Fafe ','Fafe ','1932-04-01','Álvaro Teixeira da Silva e Castro e Júnior ','Maria Alice Leite Gonçalves ',null,'solteiro');
INSERT INTO Entidade(bi,nome,freguesia,local_nascimento,data,nome_pai,nome_mae,conjugue,estado_civil) VALUES(788532,'Maria de Lourdes Martins ','Golães ','Fafe ','1935-09-15','Francisco Martins ','Rosa Sampaio ','ArturCastro','casado');
INSERT INTO Entidade(bi,nome,freguesia,local_nascimento,data,nome_pai,nome_mae,conjugue,estado_civil) VALUES(756332,'Artur César Pinheiro ','Serafão ','Fafe ','1925-07-14','David dos Santos Pinheiro ','Maria Rosa da Silva ','MariaGonçalvesdaSilva','casado');
INSERT INTO Entidade(bi,nome,freguesia,local_nascimento,data,nome_pai,nome_mae,conjugue,estado_civil) VALUES(776559,'João Gonçalves da Silva ','Seidões ','Fafe ','1912-01-07','Adriano Gonçalves da Silva ','Rosalina Lopes ','DeolindaGonçalvesdaSilva','casado');
INSERT INTO Entidade(bi,nome,freguesia,local_nascimento,data,nome_pai,nome_mae,conjugue,estado_civil) VALUES(772213,'Amélia de Freitas ','Arões Sta. Cristina ','Fafe ','1935-04-01','Angelino de Freitas ','Rosalina Alves ','AntónioPintodeLemos','casado');
INSERT INTO Entidade(bi,nome,freguesia,local_nascimento,data,nome_pai,nome_mae,conjugue,estado_civil) VALUES(2806629,'Alcina da Cunha ','Estorãos ','Fafe ','1919-02-23','Joaquim da Cunha ','Antónia de Oliveira ','AntóniodaCunha','casado');
INSERT INTO Entidade(bi,nome,freguesia,local_nascimento,data,nome_pai,nome_mae,conjugue,estado_civil) VALUES(2792290,'João Carlos Leite Maglhães ','Silvares S. Martinho ','Fafe ','1944-10-22','Armindo Magalhães ','Alice Soares Leite ',null,'solteiro');
INSERT INTO Entidade(bi,nome,freguesia,local_nascimento,data,nome_pai,nome_mae,conjugue,estado_civil) VALUES(2809759,'João Carlos Freitas Nogueira ','Fornelos ','Fafe ','1945-01-16','João Nogueira ','Maria Nogueira ',null,'solteiro');
INSERT INTO Entidade(bi,nome,freguesia,local_nascimento,data,nome_pai,nome_mae,conjugue,estado_civil) VALUES(1943190,'Adelino Rodrigues ','Fafe ','Fafe ','1936-03-19','António Rodrigues ','Maria Cândida ','EmiliaLopes','casado');
INSERT INTO Entidade(bi,nome,freguesia,local_nascimento,data,nome_pai,nome_mae,conjugue,estado_civil) VALUES(2761064,'Júlia Costa Gonçalves ','Pedraído ','Fafe ','1942-11-10','Manuel Gonçalves ','Deolinda Costa ',null,'solteiro');
INSERT INTO Entidade(bi,nome,freguesia,local_nascimento,data,nome_pai,nome_mae,conjugue,estado_civil) VALUES(2806235,'Manuel Rodrigues Cunha ','Revelhe ','Fafe ','1946-07-07','Joaquim da Cunha ','Florinda Rodrigues ',null,'solteiro');
INSERT INTO Entidade(bi,nome,freguesia,local_nascimento,data,nome_pai,nome_mae,conjugue,estado_civil) VALUES(2803048,'António Fernandes ','Travassós ','Fafe ','1962-12-31','Joaquim Fernandes ','Maria de Freitas ','FelisminadeJesusFonseca','casado');
INSERT INTO Entidade(bi,nome,freguesia,local_nascimento,data,nome_pai,nome_mae,conjugue,estado_civil) VALUES(1887894,'Artur Costa ','Travassós ','Fafe ','1937-07-16','José da Costa ','Zulmira de Castro ','RosalinaFernandes','casado');
INSERT INTO Entidade(bi,nome,freguesia,local_nascimento,data,nome_pai,nome_mae,conjugue,estado_civil) VALUES(2814433,'Domingos Leite Sousa ','Silvares S. Martinho ','Fafe ','1945-02-04','José de Sousa ','Maria Soares Leite ',null,'solteiro');
INSERT INTO Entidade(bi,nome,freguesia,local_nascimento,data,nome_pai,nome_mae,conjugue,estado_civil) VALUES(2793297,'Carlos Pereira ','Silvares S. Martinho ','Fafe ','1934-08-09','José Pereira ','Maria de Jesus de Castro ','AlziraGonçalvesTeixeira','casado');
INSERT INTO Entidade(bi,nome,freguesia,local_nascimento,data,nome_pai,nome_mae,conjugue,estado_civil) VALUES(822760,'Bernardino Sousa ','Estorãos ','Fafe ','1938-09-06','Abel de Sousa ','Isaura da Cunha ',null,'solteiro');
INSERT INTO Entidade(bi,nome,freguesia,local_nascimento,data,nome_pai,nome_mae,conjugue,estado_civil) VALUES(1718987,'Parcídio Oliveira Gonçalves ','Serafão ','Fafe ','1934-08-23','Francisco Gonçalves ','Esperança da Natividade Oliveira ','MariaElisadaRochaVieira','casado');
INSERT INTO Entidade(bi,nome,freguesia,local_nascimento,data,nome_pai,nome_mae,conjugue,estado_civil) VALUES(2820778,'Rosa Antunes ','Estorãos ','Fafe ','1927-12-01','Baltazar Antunes ','Silvina de Freitas ','AntóniodeOliveira','casado');
INSERT INTO Entidade(bi,nome,freguesia,local_nascimento,data,nome_pai,nome_mae,conjugue,estado_civil) VALUES(1708371,'António Fernandes ','Travassós ','Fafe ','1958-09-17','Gaspar Fernandes ','Maria da Silva ','FalmiraFernandes','casado');
INSERT INTO Entidade(bi,nome,freguesia,local_nascimento,data,nome_pai,nome_mae,conjugue,estado_civil) VALUES(2654781,'Manuel Fernando Carvalho ','Quinchães ','Fafe ','1940-07-10','Artur Carvalho ','Maria da Silva ','ArmindadeJesusLeite','casado');
INSERT INTO Entidade(bi,nome,freguesia,local_nascimento,data,nome_pai,nome_mae,conjugue,estado_civil) VALUES(2703354,'Augustinho Carvalho Lima ','Travassós ','Fafe ','1944-07-28','Albano de Carvalho Lima ','Aurora Mendes ',null,'solteiro');
INSERT INTO Entidade(bi,nome,freguesia,local_nascimento,data,nome_pai,nome_mae,conjugue,estado_civil) VALUES(2806233,'Emilia Ribeiro ','Moreira de Rei ','Fafe ','1921-05-26','Joaquim Ribeiro ','Maria Rodrigues ','JoséMariaRibeiro','casado');
INSERT INTO Entidade(bi,nome,freguesia,local_nascimento,data,nome_pai,nome_mae,conjugue,estado_civil) VALUES(912134,'Alberto de Castro ','Fafe ','Fafe ','1930-12-20','João de Castro ','Tereza Lopes ','MariadaConceiçãoLourençoRodrigues','casado');
INSERT INTO Entidade(bi,nome,freguesia,local_nascimento,data,nome_pai,nome_mae,conjugue,estado_civil) VALUES(839588,'Aristides Joaquim Rodrigues ','Freitas ','Fafe ','1924-09-08','Joaquim José Rodrigues ','Ana de Freitas Ribeiro ','MariaRibeiro','casado');
INSERT INTO Entidade(bi,nome,freguesia,local_nascimento,data,nome_pai,nome_mae,conjugue,estado_civil) VALUES(1745976,'António da Costa ','S. Gens ','Fafe ','1937-11-05','Albano da Costa ','Deolinda de Castro ',null,'solteiro');
INSERT INTO Entidade(bi,nome,freguesia,local_nascimento,data,nome_pai,nome_mae,conjugue,estado_civil) VALUES(815156,'Abílio Oliveira Silva ','Quinchães ','Fafe ','1931-01-07','Albino de Oliveira da Silva ','Júlia de Freitas ','MariadeConceiçãoLopes','casado');
INSERT INTO Entidade(bi,nome,freguesia,local_nascimento,data,nome_pai,nome_mae,conjugue,estado_civil) VALUES(2809795,'Armando Teixeira ','Antime ','Fafe ','1928-11-20','AntónioTeixeira ','Emília Teixeira ','MariaCorreia','casado');
INSERT INTO Entidade(bi,nome,freguesia,local_nascimento,data,nome_pai,nome_mae,conjugue,estado_civil) VALUES(2808926,'João Ferreira dos Santos ','Infantas ','Guimarães ','1924-04-20','Luiz Ferreira dos Santos ','Emília Rosa ','MariadeFreitas','casado');
INSERT INTO Entidade(bi,nome,freguesia,local_nascimento,data,nome_pai,nome_mae,conjugue,estado_civil) VALUES(776554,'João Ferreira dos Santos ','Fornelos ','Fafe ','1929-04-02','Silvino Ferreira ','Perpétua de Freitas ','DeolindadaSilva','casado');
INSERT INTO Entidade(bi,nome,freguesia,local_nascimento,data,nome_pai,nome_mae,conjugue,estado_civil) VALUES(1944627,'Albano da Silva Freitas ','Golães ','Fafe ','1931-10-23','Albino da Silva Freitas ','Rosa de jesus Ribeiro ','RosaLopes','casado');
INSERT INTO Entidade(bi,nome,freguesia,local_nascimento,data,nome_pai,nome_mae,conjugue,estado_civil) VALUES(1880107,'José Moreira ','S. Gens ','Fafe ','1923-07-02','Eduardo Moreira ','Maria Fernandes ','EmiliadaCunha','casado');
INSERT INTO Entidade(bi,nome,freguesia,local_nascimento,data,nome_pai,nome_mae,conjugue,estado_civil) VALUES(1694074,'João Rodrigues ','Ribeiros ','Fafe ','1931-08-02','José Rodrigues ','Deolinda Gonçalves ','MariadasForesFreitas','casado');
INSERT INTO Entidade(bi,nome,freguesia,local_nascimento,data,nome_pai,nome_mae,conjugue,estado_civil) VALUES(1811399,'Avelino Sampaio ','Moreira de Rei ','Fafe ','1934-11-28','José de Sampaio ','Maria de Sousa ','BelmiraMonteiro','casado');
INSERT INTO Entidade(bi,nome,freguesia,local_nascimento,data,nome_pai,nome_mae,conjugue,estado_civil) VALUES(704219,'Francisco Teixeira da Cunha ','Ribas ','Cabeceiras de Basto ','1932-06-29','António Teixeira ','Emília da Cunha ','MariadeLourdesTeixiera','casado');
INSERT INTO Entidade(bi,nome,freguesia,local_nascimento,data,nome_pai,nome_mae,conjugue,estado_civil) VALUES(1892167,'Serafim de Oliveira Peixoto ','Freitas ','Fafe ','1937-04-09','Serafim de Oliveira Peixoto ','Oder Ribeiro Peixoto ','MariaElisadeSousa','casado');
INSERT INTO Entidade(bi,nome,freguesia,local_nascimento,data,nome_pai,nome_mae,conjugue,estado_civil) VALUES(1675530,'Luis Fernandes Macedo ','Freitas ','Fafe ','1937-10-13','José de Macedo ','Maria Rosa Fernandes de Araújo ','AlmerindaDominguesOliveira','casado');
INSERT INTO Entidade(bi,nome,freguesia,local_nascimento,data,nome_pai,nome_mae,conjugue,estado_civil) VALUES(720811,'António da Cunha ','S. Gens ','Fafe ','1928-08-20','José da Cunha ','Maria Pereira ','EmiliaRibeiro','casado');
INSERT INTO Entidade(bi,nome,freguesia,local_nascimento,data,nome_pai,nome_mae,conjugue,estado_civil) VALUES(863248,'José Rodrigues Novais ','Moreira de Rei ','Fafe ','1934-11-16','Francisco Novais ','Maria Rodrigues ','MariaAntunesSousa','casado');
INSERT INTO Entidade(bi,nome,freguesia,local_nascimento,data,nome_pai,nome_mae,conjugue,estado_civil) VALUES(2819310,'Albino Soares ','Fafe ','Fafe ','1921-01-13','Bernardino Soares ','Vigínia da Costa ','OliviaSoares','casado');
INSERT INTO Entidade(bi,nome,freguesia,local_nascimento,data,nome_pai,nome_mae,conjugue,estado_civil) VALUES(2677175,'Domingos Ribeiro Coimbra Antunes ','Serafão ','Fafe ','1928-07-20','José Joaquim Antunes ','Maria Teresa de Freitas Ribeiro Coimbra ','MariaAméliaRodriguesdeMatosNeves','casado');
INSERT INTO Entidade(bi,nome,freguesia,local_nascimento,data,nome_pai,nome_mae,conjugue,estado_civil) VALUES(1736116,'José Maria Fernandes ','Passos ','Fafe ','1925-12-05','António Fernandes ','Jesuína Fernandes ','JúliaMariaMarbosa','casado');
INSERT INTO Entidade(bi,nome,freguesia,local_nascimento,data,nome_pai,nome_mae,conjugue,estado_civil) VALUES(1717869,'Armando rodrigues ','Estorãos ','Fafe ','1937-10-13','Abílio Rodrigues ','Alexandrina Nogueira ','PalmiraDomingues','casado');
INSERT INTO Entidade(bi,nome,freguesia,local_nascimento,data,nome_pai,nome_mae,conjugue,estado_civil) VALUES(2759554,'João da Costa ','Fafe ','Fafe ','1926-08-16','Francisco da Costa ','Rosa da Silva Ribeiro ','DeolindaAraújo','casado');
INSERT INTO Entidade(bi,nome,freguesia,local_nascimento,data,nome_pai,nome_mae,conjugue,estado_civil) VALUES(1859506,'Joaquim Lourenço Rodrigues ','Cepães ','Fafe ','1938-03-21','Domingos Lourenço Rodrigues ','Florinda Lopes ','LucindaCorreia','casado');
INSERT INTO Entidade(bi,nome,freguesia,local_nascimento,data,nome_pai,nome_mae,conjugue,estado_civil) VALUES(2763159,'Albino Rodrigues ','Estorãos ','Fafe ','1927-06-22','Joaquim Rodrigues ','Maria Novais ','JúliaGonçalves','casado');
INSERT INTO Entidade(bi,nome,freguesia,local_nascimento,data,nome_pai,nome_mae,conjugue,estado_civil) VALUES(1738851,'Arlindo de Sousa ','Antime ','Fafe ','1935-11-23','António de Sousa ','Deolinda de Castro ','LuziaGonçalves','casado');
INSERT INTO Entidade(bi,nome,freguesia,local_nascimento,data,nome_pai,nome_mae,conjugue,estado_civil) VALUES(1718986,'Mário Joaquim Soares ','Ribeiros ','Fafe ','1937-02-04','Joaquim Soares ','Arlinda Gonçalves ','RosalinaRibeiroCunha','casado');
INSERT INTO Entidade(bi,nome,freguesia,local_nascimento,data,nome_pai,nome_mae,conjugue,estado_civil) VALUES(2812358,'Manuel Lopes ','Castelões ','Guimarães ','1922-09-29','Joaquim Gomes Lopes ','Luzia Rodrigues da Silva ','LindosaRodrigues','casado');
INSERT INTO Entidade(bi,nome,freguesia,local_nascimento,data,nome_pai,nome_mae,conjugue,estado_civil) VALUES(2826127,'Jerónimo Machado ','Fafe ','Fafe ','1924-09-05','António Machado ','Deolinda Nogueira ','MariadasDoresDiasOliveira','casado');
INSERT INTO Entidade(bi,nome,freguesia,local_nascimento,data,nome_pai,nome_mae,conjugue,estado_civil) VALUES(2813739,'Abílio da Costa ','Pedraido ','Fafe ','1927-07-22','Manuel da Costa ','Silvina da Costa ','MariadaSilva','casado');
INSERT INTO Entidade(bi,nome,freguesia,local_nascimento,data,nome_pai,nome_mae,conjugue,estado_civil) VALUES(2635173,'Florêncio Pereira ','Fornelos ','Fafe ','1928-06-12','Manuel Pereira ','Júlia Nogueira ','SilvinaRebelo','casado');
INSERT INTO Entidade(bi,nome,freguesia,local_nascimento,data,nome_pai,nome_mae,conjugue,estado_civil) VALUES(1834027,'Albano Costa Novais ','Fafe ','Fafe ','1930-06-30','Francisco Costa Novais ','Rosa Silva Ribeiro ','LucindaGonçalves','casado');
INSERT INTO Entidade(bi,nome,freguesia,local_nascimento,data,nome_pai,nome_mae,conjugue,estado_civil) VALUES(1973832,'José Mendes ','Serzedo ','Guimarães ','1931-10-05','Duarte Mendes ','Maria dos Prazeres Silva ','MariadaCostaLeite','casado');
INSERT INTO Entidade(bi,nome,freguesia,local_nascimento,data,nome_pai,nome_mae,conjugue,estado_civil) VALUES(1752946,'José Portilha de Freitas ','Fafe ','Fafe ','1924-09-10','Francisco Portinha de Freitas ','Rosalina Lopes ','GracindaAlves','casado');
INSERT INTO Entidade(bi,nome,freguesia,local_nascimento,data,nome_pai,nome_mae,conjugue,estado_civil) VALUES(2689629,'José Pereira ','Fornelos ','Fafe ','1923-11-05','Juvelino Pereira ','Tereza de Freitas ','MariaCândidadeFreitas','casado');
INSERT INTO Entidade(bi,nome,freguesia,local_nascimento,data,nome_pai,nome_mae,conjugue,estado_civil) VALUES(2791909,'José Joaquim Gomes ','Pedraido ','Fafe ','1933-05-03','Luís Miguel ','Camila Gomes ','AugustaGonçalves','casado');
INSERT INTO Entidade(bi,nome,freguesia,local_nascimento,data,nome_pai,nome_mae,conjugue,estado_civil) VALUES(1879926,'Albano Gonçalves ','Fornelos ','Fafe ','1921-04-22','José Gonçalves ','Rosalina Pereira ','OlindaFerreiraVelho','casado');
INSERT INTO Entidade(bi,nome,freguesia,local_nascimento,data,nome_pai,nome_mae,conjugue,estado_civil) VALUES(2816022,'José Maria Lourenço do Vale ','Pedraido ','Fafe ','1926-04-17','José Lourenço do Vale ','Albina Simões ','RosaNovais','casado');
INSERT INTO Entidade(bi,nome,freguesia,local_nascimento,data,nome_pai,nome_mae,conjugue,estado_civil) VALUES(2816023,'Joaquim Lourenço do Vale ','Pedraído ','Fafe ','1918-10-15','José Lourenço do Vale ','Albina Simões ','MariaCosta','casado');
INSERT INTO Entidade(bi,nome,freguesia,local_nascimento,data,nome_pai,nome_mae,conjugue,estado_civil) VALUES(1880009,'Manuel Rodrigues Pereira ','Arões S. Romão ','Fafe ','1923-10-29','Manuel Pereira ','Emília Rodrigues ',null,'solteiro');
INSERT INTO Entidade(bi,nome,freguesia,local_nascimento,data,nome_pai,nome_mae,conjugue,estado_civil) VALUES(903667,'Constantino Domingos Pereira ','Pedraido ','Fafe ','1932-11-18','José Maria Domingues Pereira ','Maria Joaquina da Costa ','EmíliadaCosta','casado');
INSERT INTO Entidade(bi,nome,freguesia,local_nascimento,data,nome_pai,nome_mae,conjugue,estado_civil) VALUES(863578,'Joaquim Salgado ','Serzedo ','Guimarães ','1927-09-09','Armindo Salgado ','Ana da Silva ','DeolindadeOliveira','casado');
INSERT INTO Entidade(bi,nome,freguesia,local_nascimento,data,nome_pai,nome_mae,conjugue,estado_civil) VALUES(856508,'Daniel Martins ','Vinhós ','Fafe ','1932-03-27','António Martins ','Francelina Soares ','IsauradeCastro','casado');
INSERT INTO Entidade(bi,nome,freguesia,local_nascimento,data,nome_pai,nome_mae,conjugue,estado_civil) VALUES(2794864,'Ílidio Fernandes ','Serafão ','Fafe ','1929-12-25','Francisco Fernandes ','Palmira de Castro ','MariaTeresaGonçalves','casado');
INSERT INTO Entidade(bi,nome,freguesia,local_nascimento,data,nome_pai,nome_mae,conjugue,estado_civil) VALUES(1860273,'Armando Pereira ','Arões S. Romão ','Fafe ','1933-06-22','Manuel Pereira ','Tereza Dias ','MariaAliceSoares','casado');
INSERT INTO Entidade(bi,nome,freguesia,local_nascimento,data,nome_pai,nome_mae,conjugue,estado_civil) VALUES(1749834,'Adelino de Freitas ','Estorãos ','Fafe ','1926-08-16','José Maria de Freitas ','Rosalina Gonçalves ','JúliaNovais','casado');
INSERT INTO Entidade(bi,nome,freguesia,local_nascimento,data,nome_pai,nome_mae,conjugue,estado_civil) VALUES(2821638,'António Machado ','Golães ','Fafe ','1935-10-27','Albino Machado ','Maria de Castro ','MariadeFátimaSalgado','casado');
INSERT INTO Entidade(bi,nome,freguesia,local_nascimento,data,nome_pai,nome_mae,conjugue,estado_civil) VALUES(2685248,'António Oliveira Lopes ','Silvares S. Martinho ','Fafe ','1947-10-14','Artur Lopes ','Maria de Oliveira ',null,'solteiro');
INSERT INTO Entidade(bi,nome,freguesia,local_nascimento,data,nome_pai,nome_mae,conjugue,estado_civil) VALUES(2815718,'Armindo Monteiro Moreira ','Queimadela ','Fafe ','1944-10-10','João Moreira ','Júlia Monteiro ',null,'solteiro');
INSERT INTO Entidade(bi,nome,freguesia,local_nascimento,data,nome_pai,nome_mae,conjugue,estado_civil) VALUES(2774690,'José Alves Carneiro ','Silvares S. Martinho ','Fafe ','1931-03-18','Joaquim Alves Carneiro ','Genoveva da Cunha ','MariadasDoresLeitão','casado');
INSERT INTO Entidade(bi,nome,freguesia,local_nascimento,data,nome_pai,nome_mae,conjugue,estado_civil) VALUES(788531,'Artur Castro ','Fafe ','Fafe ','1967-11-12','José Castro ','Maria Emília Martins ','MariadeLourdesMartins','casado');
INSERT INTO Entidade(bi,nome,freguesia,local_nascimento,data,nome_pai,nome_mae,conjugue,estado_civil) VALUES(1880106,'Adriano de Queirós ','Fafe ','Fafe ','1921-01-15','Artur Queirós ','Laura Teixeira ','RosalinadaCostaPontes','casado');
INSERT INTO Entidade(bi,nome,freguesia,local_nascimento,data,nome_pai,nome_mae,conjugue,estado_civil) VALUES(942764,'José Teixeira ','Silvares S. Martinho ','Fafe ','1934-09-04','Paulo Rodrigues ','Flávia Teixeira ','DeolindaPinto','casado');
INSERT INTO Entidade(bi,nome,freguesia,local_nascimento,data,nome_pai,nome_mae,conjugue,estado_civil) VALUES(1669210,'Maria Tereza Magalhães ','S. Gens ','Fafe ','1941-02-16','Alfredo de Magalhães ','Felismina de Castro Pereira Marinho ',null,'solteiro');
INSERT INTO Entidade(bi,nome,freguesia,local_nascimento,data,nome_pai,nome_mae,conjugue,estado_civil) VALUES(1880013,'Francisco Ribeiro Pereira ','Moreira de Rei ','Fafe ','1933-04-09','António Pereira ','Maria Novais Ribeiro ','MariaAméliaLopesHenriques','casado');
INSERT INTO Entidade(bi,nome,freguesia,local_nascimento,data,nome_pai,nome_mae,conjugue,estado_civil) VALUES(2750917,'Laurentino Marinho ','S. Gens ','Fafe ','1933-02-03','Adriano Marinho ','Júlia da Silva Pires ','RosaRibeiro','casado');
INSERT INTO Entidade(bi,nome,freguesia,local_nascimento,data,nome_pai,nome_mae,conjugue,estado_civil) VALUES(2677883,'João Pinto ','Regadas ','Fafe ','1932-05-04','Francisco Pinto ','Maria de Oliveira ','EmíliadaSilva','casado');
INSERT INTO Entidade(bi,nome,freguesia,local_nascimento,data,nome_pai,nome_mae,conjugue,estado_civil) VALUES(2797712,'José Ribeiro ','Quinchães ','Fafe ','1922-01-01','Francisco Ribeiro ','Rosa Fernandes ','RosindadeFreitas','casado');
INSERT INTO Entidade(bi,nome,freguesia,local_nascimento,data,nome_pai,nome_mae,conjugue,estado_civil) VALUES(1879925,'Altino Gonçalves ','Revelhe ','Fafe ','1924-04-04','Avelino Gonçalves ','Maria Nogueira ','MariadaCunha','casado');
INSERT INTO Entidade(bi,nome,freguesia,local_nascimento,data,nome_pai,nome_mae,conjugue,estado_civil) VALUES(2757133,'Maria Adília Oliveira ','Ribeiros ','Fafe ','1941-02-11','José Maria de Oliveira ','Maria Amélia Novais ','ArmindoMota','casado');
INSERT INTO Entidade(bi,nome,freguesia,local_nascimento,data,nome_pai,nome_mae,conjugue,estado_civil) VALUES(2798725,'José Fernando Rodrigues Alves de Carvalho ','Serafão ','Fafe ','1948-04-22','João Alves de Carvalho ','Maria Emília Rodrigues ',null,'solteiro');
INSERT INTO Entidade(bi,nome,freguesia,local_nascimento,data,nome_pai,nome_mae,conjugue,estado_civil) VALUES(1789943,'Avelino Ribeiro Leitão ','Moreira de Rei ','Fafe ','1936-10-23','Albino Leitão ','Emília Ribeiro ',null,'solteiro');
INSERT INTO Entidade(bi,nome,freguesia,local_nascimento,data,nome_pai,nome_mae,conjugue,estado_civil) VALUES(1712593,'Luis António de Matos ','S. Gens ','Fafe ','1925-03-20','Albano de Matos ','Maria António da Costa ','AuroradaCunha','casado');
INSERT INTO Entidade(bi,nome,freguesia,local_nascimento,data,nome_pai,nome_mae,conjugue,estado_civil) VALUES(2823484,'Aníbal Gonçalves Ramos ','Golães ','Fafe ','1945-12-01','Albino Gonçalves Ramos ','Arminda Fernandes ',null,'solteiro');
INSERT INTO Entidade(bi,nome,freguesia,local_nascimento,data,nome_pai,nome_mae,conjugue,estado_civil) VALUES(2654896,'António Alves Pereira da Mota ','Rego ','Celorico de Bastos ','1923-07-28','João Alves Pereira da Mota ','Rosa da Cunha ','RosindadaCastro','casado');
INSERT INTO Entidade(bi,nome,freguesia,local_nascimento,data,nome_pai,nome_mae,conjugue,estado_civil) VALUES(1806086,'Armando Oliveira ','S. Gens ','Fafe ','1937-12-27','António da Oliveira ','Maria Nogueira ','RosadeFreitas','casado');
INSERT INTO Entidade(bi,nome,freguesia,local_nascimento,data,nome_pai,nome_mae,conjugue,estado_civil) VALUES(1887883,'Adriano Antunes Gonçalves ','Estorãos ','Fafe ','1945-04-13','José Gonçalves ','Florinda Antunes ',null,'solteiro');
INSERT INTO Entidade(bi,nome,freguesia,local_nascimento,data,nome_pai,nome_mae,conjugue,estado_civil) VALUES(2828093,'João Sousa Costa ','Serafão ','Fafe ','1945-03-03','Albertino da Costa ','Almecinda de Sousa ',null,'solteiro');
INSERT INTO Entidade(bi,nome,freguesia,local_nascimento,data,nome_pai,nome_mae,conjugue,estado_civil) VALUES(1811400,'Alberto Freitas Soares ','Golães ','Fafe ','1937-03-02','Armindo Soares ','Laurindade Freitas ','MariadeconceiçãoSampaioMartins','casado');
INSERT INTO Entidade(bi,nome,freguesia,local_nascimento,data,nome_pai,nome_mae,conjugue,estado_civil) VALUES(1847522,'Manuel Oliveira ','Cepães ','Fafe ','1940-11-09','José Oliveira ','Emília Ferreira ','MariadasDoresMartinsCastro','casado');
INSERT INTO Entidade(bi,nome,freguesia,local_nascimento,data,nome_pai,nome_mae,conjugue,estado_civil) VALUES(2803637,'Flórido Martins ','Golães ','Fafe ','1937-12-21','Francisco Martins ','Rosa Sampaio ',null,'solteiro');
INSERT INTO Entidade(bi,nome,freguesia,local_nascimento,data,nome_pai,nome_mae,conjugue,estado_civil) VALUES(2841160,'Ermelinda Brás ','Varzeacova ','Fafe ','1900-09-09','Benardino Brás ','Rosa Henriques Marques ',null,'solteiro');
INSERT INTO Entidade(bi,nome,freguesia,local_nascimento,data,nome_pai,nome_mae,conjugue,estado_civil) VALUES(2841169,'Joaquim Brás Costa ','Varzeacova ','Fafe ','1948-12-08','José da Costa ','Joaquina Henriques Brás ',null,'solteiro');
INSERT INTO Entidade(bi,nome,freguesia,local_nascimento,data,nome_pai,nome_mae,conjugue,estado_civil) VALUES(3747541,'Laurinda Costa ','Fornelos ','Fafe ','1942-09-22','José da Costa ','Felismina Gonçalves ','AméricoFernandes','casado');
INSERT INTO Entidade(bi,nome,freguesia,local_nascimento,data,nome_pai,nome_mae,conjugue,estado_civil) VALUES(1981400,'Maria Cândida Gonçalves Teixeira ','Estorãos ','Fafe ','1938-10-10','José Teixeira ','Benedita Gonçalves ','VirgílioRodrigues','casado');
INSERT INTO Entidade(bi,nome,freguesia,local_nascimento,data,nome_pai,nome_mae,conjugue,estado_civil) VALUES(1680461,'Joaquim da Cunha ','Golães ','Fafe ','1945-12-13','Júlio da Cunha ','Conceição Fernandes ',null,'solteiro');
INSERT INTO Entidade(bi,nome,freguesia,local_nascimento,data,nome_pai,nome_mae,conjugue,estado_civil) VALUES(1800868,'José de Oliveira ','Vale de Bouro ','Celorico de Bastos ','1926-10-22','António de Oliveira ','Joaquina Pinto da Silva ','RosindadeOliveira','casado');
INSERT INTO Entidade(bi,nome,freguesia,local_nascimento,data,nome_pai,nome_mae,conjugue,estado_civil) VALUES(1880019,'Armindo da Silva ','Arnozela ','Fafe ','1927-03-02','João da Silva ','Deolinda Lopes ','MariaMonteiro','casado');
INSERT INTO Entidade(bi,nome,freguesia,local_nascimento,data,nome_pai,nome_mae,conjugue,estado_civil) VALUES(984830,'Maria Aurora Gonçalves ','Revelhe ','Fafe ','1942-04-29','Adelino Gonçalves ','Arminda Gonçalves ',null,'solteiro');
INSERT INTO Entidade(bi,nome,freguesia,local_nascimento,data,nome_pai,nome_mae,conjugue,estado_civil) VALUES(2836163,'Arminda Gonçalves ','Queimadela ','Fafe ','1911-03-30','Domingos Gonçalves ','Florinda Rodrigues ','AdelinoGonçalves','casado');
INSERT INTO Entidade(bi,nome,freguesia,local_nascimento,data,nome_pai,nome_mae,conjugue,estado_civil) VALUES(2839655,'António Gonçalves ','Queimadela ','Fafe ','1945-06-18','José Marta Gonçalves ','Rosalina Gonçalves ',null,'solteiro');
INSERT INTO Entidade(bi,nome,freguesia,local_nascimento,data,nome_pai,nome_mae,conjugue,estado_civil) VALUES(2828624,'José Carlos Magalhães ','Fornelos ','Fafe ','1944-09-27','Serafim de Magalhães ','Felismina de Freitas ',null,'solteiro');
INSERT INTO Entidade(bi,nome,freguesia,local_nascimento,data,nome_pai,nome_mae,conjugue,estado_civil) VALUES(1770938,'Maria de Fátima Teixeira ','Moreira de Rei ','Fafe ','1940-04-28','Adelino Teixeira ','Emilia Alves ',null,'solteiro');
INSERT INTO Entidade(bi,nome,freguesia,local_nascimento,data,nome_pai,nome_mae,conjugue,estado_civil) VALUES(2604165,'Irene Lopes Teixeira ','Moreira de Rei ','Fafe ','1940-02-27','Joaquim Teixeira ','Soledade Lopes ','AntónioAlvesTeixeira','casado');
INSERT INTO Entidade(bi,nome,freguesia,local_nascimento,data,nome_pai,nome_mae,conjugue,estado_civil) VALUES(926350,'Benedito Costa ','Moreira de Rei ','Fafe ','1935-12-23','José da Costa ','Rosa Ribeiro ','LaurindaOliveira','casado');
INSERT INTO Entidade(bi,nome,freguesia,local_nascimento,data,nome_pai,nome_mae,conjugue,estado_civil) VALUES(782998,'Francisco Novais ','Estorãos ','Fafe ','1937-01-15','Manuel Novais ','Ermelinda da Silva ','MariadaAparecidaFernandes','casado');
INSERT INTO Entidade(bi,nome,freguesia,local_nascimento,data,nome_pai,nome_mae,conjugue,estado_civil) VALUES(2833540,'José António Carvalho ','Fafe ','Fafe ','1944-09-10','Aristides de Carvalho ','Maria Emília Teixeira ',null,'solteiro');
INSERT INTO Entidade(bi,nome,freguesia,local_nascimento,data,nome_pai,nome_mae,conjugue,estado_civil) VALUES(2840847,'Armando Marques Fonseca ','Vilacova ','Fafe ','1945-09-05','Domingos Vieira da Fonseca ','Conceição Marques ',null,'solteiro');
INSERT INTO Entidade(bi,nome,freguesia,local_nascimento,data,nome_pai,nome_mae,conjugue,estado_civil) VALUES(28366161,'Fernando da Mota ','Estorãos ','Fafe ','1924-02-24','Manuel Joaquim da Mota ','Delfina Gonçalves ','AlmerindaGonçalves','casado');
INSERT INTO Entidade(bi,nome,freguesia,local_nascimento,data,nome_pai,nome_mae,conjugue,estado_civil) VALUES(2836484,'Joaquim Fernandes ','Fornelos ','Fafe ','1935-07-29','António Fernandes ','Perpétua de Freitas ','MariadaGlóriaFreitasPereira','casado');
INSERT INTO Entidade(bi,nome,freguesia,local_nascimento,data,nome_pai,nome_mae,conjugue,estado_civil) VALUES(2678967,'Domingos Ribeiro ','Passos ','Fafe ','1921-10-14','Benardino Ribeiro ','Emília Novais ','MariaNogueira','casado');
INSERT INTO Entidade(bi,nome,freguesia,local_nascimento,data,nome_pai,nome_mae,conjugue,estado_civil) VALUES(1984102,'Manuel de Oliveira ','Serafão ','Fafe ','1918-06-30','Manuel José de Oliveira ','Maria Rosa de Campos ','MariadaConceiçãodaRocha','casado');
INSERT INTO Entidade(bi,nome,freguesia,local_nascimento,data,nome_pai,nome_mae,conjugue,estado_civil) VALUES(1977925,'Joaquim de Sousa Rodrigues ','Freitas ','Fafe ','1945-09-28','José António Rodrigues ','Emília de Sousa ',null,'solteiro');
INSERT INTO Entidade(bi,nome,freguesia,local_nascimento,data,nome_pai,nome_mae,conjugue,estado_civil) VALUES(1977926,'João António Rodrigues ','Freitas ','Fafe ','1922-11-10','Joaquim José Rodrigues ','Ana de Freitas Ribeiro ',null,'solteiro');
INSERT INTO Entidade(bi,nome,freguesia,local_nascimento,data,nome_pai,nome_mae,conjugue,estado_civil) VALUES(1929398,'António Teixeira ','Regadas ','Fafe ','1913-12-25','Serafim Teixeira ','Erminda da Silva ','MariaMarinho','casado');
INSERT INTO Entidade(bi,nome,freguesia,local_nascimento,data,nome_pai,nome_mae,conjugue,estado_civil) VALUES(2857056,'José Maria Gonçalves Domingues ','Monte ','Fafe ','1952-11-01','Joaquim Domingues ','Maria Conceição Vaz Domingues ',null,'solteiro');
INSERT INTO Entidade(bi,nome,freguesia,local_nascimento,data,nome_pai,nome_mae,conjugue,estado_civil) VALUES(2841171,'Armando Salgueiro Moreira ','Queimadela ','Fafe ','1945-03-28','Adelino Moreira ','Maria Francisco Salgueiro ',null,'solteiro');
INSERT INTO Entidade(bi,nome,freguesia,local_nascimento,data,nome_pai,nome_mae,conjugue,estado_civil) VALUES(947026,'Firmino Martins de Carvalho ','Pedraido ','Fafe ','1911-08-13','António Martins ','Felicidade de Carvalho ','PalmiraNovaisOliveira','casado');
INSERT INTO Entidade(bi,nome,freguesia,local_nascimento,data,nome_pai,nome_mae,conjugue,estado_civil) VALUES(2862899,'José Pedro Gonçalves ','Monte ','Fafe ','1946-06-29','Manuel Gonçalves ','Maria Luiz ',null,'solteiro');
INSERT INTO Entidade(bi,nome,freguesia,local_nascimento,data,nome_pai,nome_mae,conjugue,estado_civil) VALUES(1716572,'Joaquim Salgado de Freitas ','Santo Isídoro ','Marco de Canavezes ','1932-09-25','António de Freitas ','Gracinda Mendes Salgado ',null,'solteiro');
INSERT INTO Entidade(bi,nome,freguesia,local_nascimento,data,nome_pai,nome_mae,conjugue,estado_civil) VALUES(2841164,'Justiniano Silva Gonçalves ','Varzeacova ','Fafe ','1948-05-10','José Gonçalves ','Ricardina Francisco da Silva ',null,'solteiro');
INSERT INTO Entidade(bi,nome,freguesia,local_nascimento,data,nome_pai,nome_mae,conjugue,estado_civil) VALUES(1742473,'Virgínia Bernardete Fernandes Antunes ','Freitas ','Fafe ','1942-08-20','Albino Antunes ','Helena Fernandes ',null,'solteiro');
INSERT INTO Entidade(bi,nome,freguesia,local_nascimento,data,nome_pai,nome_mae,conjugue,estado_civil) VALUES(714349,'Jordão Gomes Coimbra Oliveira Peixoto ','Freitas ','Fafe ','1918-01-31','Custódio Luiz de Oliveira Peixoto ','Soledade Gomes Coimbra ','AurelinaFreitasRibeiroPeixoto','casado');
INSERT INTO Entidade(bi,nome,freguesia,local_nascimento,data,nome_pai,nome_mae,conjugue,estado_civil) VALUES(2716680,'José Ribeiro Cunha ','Moreira de Rei ','Fafe ','1941-05-23','Joaquim da Cunha ','Maria da Conceição Ribeiro ',null,'solteiro');
INSERT INTO Entidade(bi,nome,freguesia,local_nascimento,data,nome_pai,nome_mae,conjugue,estado_civil) VALUES(1879229,'António Joaquim de Sousa Alves ','Moreira de Rei ','Fafe ','1928-04-14','Jerónimo Alves ','Maria de Sousa ','EmíliaAlvesdeOliveira','casado');
INSERT INTO Entidade(bi,nome,freguesia,local_nascimento,data,nome_pai,nome_mae,conjugue,estado_civil) VALUES(2540845,'António Maia de Castro ','Bucos ','Cabeceiras de Basto ','1944-07-11','Manuel Sousa ','Maria Alice Maia de Castro ',null,'solteiro');
INSERT INTO Entidade(bi,nome,freguesia,local_nascimento,data,nome_pai,nome_mae,conjugue,estado_civil) VALUES(2868854,'José Leite Magalhães ','Silvares S. Martinho ','Fafe ','1945-12-17','Armindo de Magalhães ','Alice Soares Leite ',null,'solteiro');
INSERT INTO Entidade(bi,nome,freguesia,local_nascimento,data,nome_pai,nome_mae,conjugue,estado_civil) VALUES(2833548,'Manuel Fernandes Mendes ','Travassós ','Fafe ','1946-02-14','Manuel Mendes ','Glória Fernandes ',null,'solteiro');
INSERT INTO Entidade(bi,nome,freguesia,local_nascimento,data,nome_pai,nome_mae,conjugue,estado_civil) VALUES(1783587,'Maria Celeste Freitas ','Estorãos ','Fafe ','1938-05-10','António Meli ','Engrácia de Freitas ','AntónioSilvaPereira','casado');
INSERT INTO Entidade(bi,nome,freguesia,local_nascimento,data,nome_pai,nome_mae,conjugue,estado_civil) VALUES(2833543,'Fernando Costa ','Travassós ','Fafe ','1963-06-20','José da Costa ','Josefa Lopes ',null,'solteiro');
INSERT INTO Entidade(bi,nome,freguesia,local_nascimento,data,nome_pai,nome_mae,conjugue,estado_civil) VALUES(2764675,'Albano Oliveira ','Ribeiros ','Fafe ','1936-04-09','José Maria de Oliveira ','Maria Amélia Novais ','CarmenCastroFreitas','casado');
INSERT INTO Entidade(bi,nome,freguesia,local_nascimento,data,nome_pai,nome_mae,conjugue,estado_civil) VALUES(2849934,'Amândio Pereira ','Queimadela ','Fafe ','1936-04-06','Benardino Pereira ','Lucinda da Rocha ',null,'solteiro');
INSERT INTO Entidade(bi,nome,freguesia,local_nascimento,data,nome_pai,nome_mae,conjugue,estado_civil) VALUES(2717854,'António de Freitas ','Ribeiros ','Fafe ','1931-06-09','Celestino de Freitas ','Rosa da Costa ','ArmindadeSousa','casado');
INSERT INTO Entidade(bi,nome,freguesia,local_nascimento,data,nome_pai,nome_mae,conjugue,estado_civil) VALUES(944665,'João Fernandes ','Golães ','Fafe ','1938-07-27','Clementino Fernandes ','Gracinda da Silva ',null,'solteiro');
INSERT INTO Entidade(bi,nome,freguesia,local_nascimento,data,nome_pai,nome_mae,conjugue,estado_civil) VALUES(2849929,'João Faria ','Arões S. Romão ','Fafe ','1923-12-15','António Faria ','Joaquina Pereira ','RosalinaCorreia','casado');
INSERT INTO Entidade(bi,nome,freguesia,local_nascimento,data,nome_pai,nome_mae,conjugue,estado_civil) VALUES(926886,'Albano Teixiera ','Fafe ','Fafe ','1935-12-21','Armindo Teixeira ','Florinda Faria ','EmíliaCosta','casado');
INSERT INTO Entidade(bi,nome,freguesia,local_nascimento,data,nome_pai,nome_mae,conjugue,estado_civil) VALUES(2711715,'Manuel José Oliveira ','Serafão ','Fafe ','1944-07-02','Alipío de Oliveira ','Prudência de Jesus Costa ',null,'solteiro');
INSERT INTO Entidade(bi,nome,freguesia,local_nascimento,data,nome_pai,nome_mae,conjugue,estado_civil) VALUES(2864160,'Manuel Castro Silva ','Arões S. Romão ','Fafe ','1944-11-11','Manuel da Silva ','Joaquim de Castro ',null,'solteiro');
INSERT INTO Entidade(bi,nome,freguesia,local_nascimento,data,nome_pai,nome_mae,conjugue,estado_civil) VALUES(1734260,'António Gonçalves de Oliveira ','Travassós ','Fafe ','1917-10-24','Casimiro Gonçalves de Oliveira ','Laura Pereira de Castro ','MargaridaFernandesdaSilva','casado');
INSERT INTO Entidade(bi,nome,freguesia,local_nascimento,data,nome_pai,nome_mae,conjugue,estado_civil) VALUES(2852590,'Maria da Silva ','Queimadela ','Fafe ','1929-04-15','Domingos da Silva ','Júlia Gonçalves ','JoaquimFernandesdosSantos','casado');
INSERT INTO Entidade(bi,nome,freguesia,local_nascimento,data,nome_pai,nome_mae,conjugue,estado_civil) VALUES(2849928,'Laurentino Nogueira ','Estorãos ','Fafe ','1922-10-10','Justino Nogueira ','Felismina Ramos ','DoloresTeixeiradeSousa','casado');
INSERT INTO Entidade(bi,nome,freguesia,local_nascimento,data,nome_pai,nome_mae,conjugue,estado_civil) VALUES(937634,'Alfredo Ferreira ','Agrela ','Fafe ','1924-03-27','Francisco Ferreira ','Josefina Ribeiro ','MariaFerreira','casado');
INSERT INTO Entidade(bi,nome,freguesia,local_nascimento,data,nome_pai,nome_mae,conjugue,estado_civil) VALUES(1894253,'Fernando Gonçalves ','Moreira de Rei ','Fafe ','1934-02-09','Francisco Gonçalves ','Maria Gonçalves ','AlbertinaRibeiroFernandes','casado');
INSERT INTO Entidade(bi,nome,freguesia,local_nascimento,data,nome_pai,nome_mae,conjugue,estado_civil) VALUES(749776,'Serafim Leite ','Arões S. Romão ','Fafe ','1919-05-04','Francisco Leite ','Emília Correia ','EmíliadeFreitas','casado');
INSERT INTO Entidade(bi,nome,freguesia,local_nascimento,data,nome_pai,nome_mae,conjugue,estado_civil) VALUES(2706466,'Manuel Augusto Barros ','São Gens ','Fafe ','1939-10-20','Joaquim de Barros ','Florinda da Cunha ','FlorindaOliveira','casado');
INSERT INTO Entidade(bi,nome,freguesia,local_nascimento,data,nome_pai,nome_mae,conjugue,estado_civil) VALUES(1759909,'Albano Rodrigues Novais ','Moreira de Rei ','Fafe ','1945-04-09','Francisco Novais ','Maria Rodrigues ',null,'solteiro');
INSERT INTO Entidade(bi,nome,freguesia,local_nascimento,data,nome_pai,nome_mae,conjugue,estado_civil) VALUES(2688613,'Ezequiel Ribeiro Gonçalves ','Queimadela ','Fafe ','1945-03-27','Diamantino Gonçalves ','Emília Ribeiro ',null,'solteiro');
INSERT INTO Entidade(bi,nome,freguesia,local_nascimento,data,nome_pai,nome_mae,conjugue,estado_civil) VALUES(765731,'Jaime Antunes Oliveira ','Passos ','Fafe ','1934-08-14','António Antunes de Oliveira ','António Fernandes ','QuitóriadeMacedoLourenço','casado');
INSERT INTO Entidade(bi,nome,freguesia,local_nascimento,data,nome_pai,nome_mae,conjugue,estado_civil) VALUES(7626672,'Olinda Antunes ','Quinchães ','Fafe ','1935-06-26','Júlio Antunes ','Emília Fernandes ','AlbanoNogueira','casado');
INSERT INTO Entidade(bi,nome,freguesia,local_nascimento,data,nome_pai,nome_mae,conjugue,estado_civil) VALUES(2875773,'Luiz Mário Aguir Pinto Lopes ','Fafe ','Fafe ','1935-10-02','António Pinto Lopes ','Beatriz Aguiar Lopes ','MariadaCunha','casado');
INSERT INTO Entidade(bi,nome,freguesia,local_nascimento,data,nome_pai,nome_mae,conjugue,estado_civil) VALUES(2825696,'Domingos Costa Fernandes Santos ','S. Gens ','Fafe ','1933-03-25','Domingos Fernandes dos Santos ','Francelina da Costa ','MariaIsabelSilva','casado');
INSERT INTO Entidade(bi,nome,freguesia,local_nascimento,data,nome_pai,nome_mae,conjugue,estado_civil) VALUES(940259,'Albano Lobo ','Golães ','Fafe ','1924-08-15','Manuel Lobo ','Emília da Silva ','MariadaConceiçãoPereiraJordão','casado');
INSERT INTO Entidade(bi,nome,freguesia,local_nascimento,data,nome_pai,nome_mae,conjugue,estado_civil) VALUES(2884723,'Luis Romeu Castro Ribeiro ','Antime ','Fafe ','1941-01-19','Luis Ribeiro ','Laura da Costa e Castro ',null,'solteiro');
INSERT INTO Entidade(bi,nome,freguesia,local_nascimento,data,nome_pai,nome_mae,conjugue,estado_civil) VALUES(1743086,'Aniceto Gonçalves ','Golães ','Fafe ','1928-10-15','António Gonçalves ','Antónia Lobo ','MariadasDoresRodriguesdoVale','casado');
INSERT INTO Entidade(bi,nome,freguesia,local_nascimento,data,nome_pai,nome_mae,conjugue,estado_civil) VALUES(2728986,'Engrácia Oliveira Ribeiro ','Moreira de Rei ','Fafe ','1940-01-24','Silvino Ribeiro ','Laurinda de Oliveira ',null,'solteiro');
INSERT INTO Entidade(bi,nome,freguesia,local_nascimento,data,nome_pai,nome_mae,conjugue,estado_civil) VALUES(2821026,'António Rodrigues ','Queimadela ','Fafe ','1936-06-27','Fernando Rodrigues ','Rosalina da Costa ','MariadaConceiçãoGonçalves','casado');
INSERT INTO Entidade(bi,nome,freguesia,local_nascimento,data,nome_pai,nome_mae,conjugue,estado_civil) VALUES(757690,'Júlio Alves ','Fafe ','Fafe ','1938-12-08','Jerónimo Alves ','Emilia da Cunha ',null,'solteiro');
INSERT INTO Entidade(bi,nome,freguesia,local_nascimento,data,nome_pai,nome_mae,conjugue,estado_civil) VALUES(998467,'Florentino Rebelo ','Queimadela ','Fafe ','1945-08-17','José Avelino Rebelo ','Júlia Gonçalves ',null,'solteiro');
INSERT INTO Entidade(bi,nome,freguesia,local_nascimento,data,nome_pai,nome_mae,conjugue,estado_civil) VALUES(2888060,'José Fonseca Castro ','Freitas ','Fafe ','1945-12-21','João de Castro ','Maria da Fonseca ',null,'solteiro');
INSERT INTO Entidade(bi,nome,freguesia,local_nascimento,data,nome_pai,nome_mae,conjugue,estado_civil) VALUES(760391,'Armando Costa ','Fafe ','Fafe ','1940-04-28','João da Costa ','Rosa da Silva ','MariaCândidaPereira','casado');
INSERT INTO Entidade(bi,nome,freguesia,local_nascimento,data,nome_pai,nome_mae,conjugue,estado_civil) VALUES(748687,'Manuel José Ferreira ','Regadas ','Fafe ','1927-12-06','José Ferreira ','Alcina Nogueira ','MariadaConceiçãoLobo','casado');
INSERT INTO Entidade(bi,nome,freguesia,local_nascimento,data,nome_pai,nome_mae,conjugue,estado_civil) VALUES(1818379,'António José Alves Grandinho ','Serafão ','Fafe ','1925-03-27','António José Alves Grandinho ','Florinda de Afonseca ','NadinaAlvesdaMota','casado');
INSERT INTO Entidade(bi,nome,freguesia,local_nascimento,data,nome_pai,nome_mae,conjugue,estado_civil) VALUES(2744791,'António Pereira ','Arões S. Romão ','Fafe ','1937-03-28','Manuel Pereira ','Emília Rodrigues ',null,'solteiro');
INSERT INTO Entidade(bi,nome,freguesia,local_nascimento,data,nome_pai,nome_mae,conjugue,estado_civil) VALUES(2887092,'Joaquim Ribeiro Oliveira ','Antime ','Fafe ','1945-09-19','Manuel Oliveira ','Emília Ribeiro ',null,'solteiro');
INSERT INTO Entidade(bi,nome,freguesia,local_nascimento,data,nome_pai,nome_mae,conjugue,estado_civil) VALUES(2878553,'Luiz Mário Freitas ','Golães ','Fafe ','1945-12-12','Marcelino de Freitas ','Conceição Batista ',null,'solteiro');
INSERT INTO Entidade(bi,nome,freguesia,local_nascimento,data,nome_pai,nome_mae,conjugue,estado_civil) VALUES(2880610,'João de Freitas ','Golães ','Fafe ','1923-11-13','Marcelino de Freitas ','Conceição Batista ','MariadeLourdesBatista','casado');
INSERT INTO Entidade(bi,nome,freguesia,local_nascimento,data,nome_pai,nome_mae,conjugue,estado_civil) VALUES(2857058,'João Martins Ribeiro ','Golães ','Fafe ','1945-01-09','António Ribeiro ','Florinda Martins ',null,'solteiro');
INSERT INTO Entidade(bi,nome,freguesia,local_nascimento,data,nome_pai,nome_mae,conjugue,estado_civil) VALUES(1806089,'Manuel Martins ','Golães ','Fafe ','1945-01-09','António Ribeiro ','Florinda Martins ',null,'solteiro');
INSERT INTO Processo (num_processo,ano,camara,data_envio,num_passaporte) VALUES ('1/63',1962,'Varzeacova ','1963-01-02','1899/63');
INSERT INTO Processo_Entidade(Entidade_bi,Processo_num_processo) VALUES (827491,'1/63');
INSERT INTO Destino_Entidade(pais,cidade,data_prevista_saida,profissao_futura,local,Entidade_bi) VALUES ('E.U. Brasil ','Rio de Janeiro ','logo que obtenha autorização e passaporte ','null','null',827491);
INSERT INTO Habilitacoes_entidade(profissao,habilitacoes,local_trabalho,Entidade_bi) VALUES ('Doméstica ','sabe ler e escrever ','Varzeacova ',827491);
INSERT INTO Processo (num_processo,ano,camara,data_envio,num_passaporte) VALUES ('2/63',1962,'Monte ','1963-01-02','2070/63');
INSERT INTO Processo_Entidade(Entidade_bi,Processo_num_processo) VALUES (2665155,'2/63');
INSERT INTO Destino_Entidade(pais,cidade,data_prevista_saida,profissao_futura,local,Entidade_bi) VALUES ('França ','null','logo que obtenha autorização e passaporte ','operário em trabalhos públicos ','Etablissements PAUL DARD ',2665155);
INSERT INTO Habilitacoes_entidade(profissao,habilitacoes,local_trabalho,Entidade_bi) VALUES ('Ajudante de Pedreiro ','sabe ler e escrever correntemente ','Monte ',2665155);
INSERT INTO Processo (num_processo,ano,camara,data_envio,num_passaporte) VALUES ('3/63',1962,'França ','1962-01-03','1854/63');
INSERT INTO Processo_Entidade(Entidade_bi,Processo_num_processo) VALUES (1972857,'3/63');
INSERT INTO Destino_Entidade(pais,cidade,data_prevista_saida,profissao_futura,local,Entidade_bi) VALUES ('França ','null','logo que obtenha autorização e passaporte ','null','Papeterie de la Seine ',1972857);
INSERT INTO Habilitacoes_entidade(profissao,habilitacoes,local_trabalho,Entidade_bi) VALUES ('Trabalhos de indústria ','exame da 4ª classe ','França ',1972857);
INSERT INTO Processo (num_processo,ano,camara,data_envio,num_passaporte) VALUES ('4/63',1962,'Regadas ','1963-07-01','15593/63');
INSERT INTO Processo_Entidade(Entidade_bi,Processo_num_processo) VALUES (2793505,'4/63');
INSERT INTO Destino_Entidade(pais,cidade,data_prevista_saida,profissao_futura,local,Entidade_bi) VALUES ('França ','null','logo que obtenha autorização e passaporte ','null','null',2793505);
INSERT INTO Habilitacoes_entidade(profissao,habilitacoes,local_trabalho,Entidade_bi) VALUES ('Doméstica ','analfabeta ','Regadas ',2793505);
INSERT INTO Processo (num_processo,ano,camara,data_envio,num_passaporte) VALUES ('5/63',1962,'França ','1963-07-01','2379/63');
INSERT INTO Processo_Entidade(Entidade_bi,Processo_num_processo) VALUES (1942770,'5/63');
INSERT INTO Destino_Entidade(pais,cidade,data_prevista_saida,profissao_futura,local,Entidade_bi) VALUES ('França ','null','logo que obtenha autorização e passaporte ','construção ','Entreprise Granget et Passager ',1942770);
INSERT INTO Habilitacoes_entidade(profissao,habilitacoes,local_trabalho,Entidade_bi) VALUES ('Carpinteiro ','exame da 3ª classe ','França ',1942770);
INSERT INTO Processo (num_processo,ano,camara,data_envio,num_passaporte) VALUES ('6/63',1962,'Agrela ','1963-01-07','2072/63');
INSERT INTO Processo_Entidade(Entidade_bi,Processo_num_processo) VALUES (2777058,'6/63');
INSERT INTO Destino_Entidade(pais,cidade,data_prevista_saida,profissao_futura,local,Entidade_bi) VALUES ('França ','null','logo que obtenha autorização e passaporte ','pedreiro ','S.A.T.P. ',2777058);
INSERT INTO Habilitacoes_entidade(profissao,habilitacoes,local_trabalho,Entidade_bi) VALUES ('Ajudante de Pedreiro ','exame da 4ª classe ','Agrela ',2777058);
INSERT INTO Processo (num_processo,ano,camara,data_envio,num_passaporte) VALUES ('7/63',1962,'Fafe ','1963-01-07','2171/63');
INSERT INTO Processo_Entidade(Entidade_bi,Processo_num_processo) VALUES (2654893,'7/63');
INSERT INTO Destino_Entidade(pais,cidade,data_prevista_saida,profissao_futura,local,Entidade_bi) VALUES ('França ','null','logo que obtenha autorização e passaporte ','trabalha em betão ','Ent. VIBRACIM ',2654893);
INSERT INTO Habilitacoes_entidade(profissao,habilitacoes,local_trabalho,Entidade_bi) VALUES ('Trabalhador rural ','sabe ler e escrever ','Fafe ',2654893);
INSERT INTO Processo (num_processo,ano,camara,data_envio,num_passaporte) VALUES ('8/63',1962,'null','1963-01-07','3448/63');
INSERT INTO Processo_Entidade(Entidade_bi,Processo_num_processo) VALUES (2779953,'8/63');
INSERT INTO Destino_Entidade(pais,cidade,data_prevista_saida,profissao_futura,local,Entidade_bi) VALUES ('França ','null','logo que obtenha autorização e passaporte ','construção ','Ent. Bastardie ',2779953);
INSERT INTO Habilitacoes_entidade(profissao,habilitacoes,local_trabalho,Entidade_bi) VALUES ('Trabalhador rural ','exame da 4ª classe ','null',2779953);
INSERT INTO Processo (num_processo,ano,camara,data_envio,num_passaporte) VALUES ('9/63',1963,'Golães ','1963-01-22','2118/63');
INSERT INTO Processo_Entidade(Entidade_bi,Processo_num_processo) VALUES (2796256,'9/63');
INSERT INTO Destino_Entidade(pais,cidade,data_prevista_saida,profissao_futura,local,Entidade_bi) VALUES ('França ','null','logo que obtenha autorização e passaporte ','null','null',2796256);
INSERT INTO Habilitacoes_entidade(profissao,habilitacoes,local_trabalho,Entidade_bi) VALUES ('Doméstica ','sabe ler e escrever ','Golães ',2796256);
INSERT INTO Processo (num_processo,ano,camara,data_envio,num_passaporte) VALUES ('10/63',1962,'Antime ','1963-01-18','2268/63');
INSERT INTO Processo_Entidade(Entidade_bi,Processo_num_processo) VALUES (2773394,'10/63');
INSERT INTO Destino_Entidade(pais,cidade,data_prevista_saida,profissao_futura,local,Entidade_bi) VALUES ('França ','null','logo que obtenha autorização e passaporte ','null','null',2773394);
INSERT INTO Habilitacoes_entidade(profissao,habilitacoes,local_trabalho,Entidade_bi) VALUES ('Doméstica ','exame de 3ª classe ','Antime ',2773394);
INSERT INTO Processo (num_processo,ano,camara,data_envio,num_passaporte) VALUES ('11/63',1962,'Matosinhos ','1963-01-15','3372/63');
INSERT INTO Processo_Entidade(Entidade_bi,Processo_num_processo) VALUES (2732617,'11/63');
INSERT INTO Destino_Entidade(pais,cidade,data_prevista_saida,profissao_futura,local,Entidade_bi) VALUES ('E. U. Brasil ','São Paulo ','logo que seja possível ','null','null',2732617);
INSERT INTO Habilitacoes_entidade(profissao,habilitacoes,local_trabalho,Entidade_bi) VALUES ('Operário Têxtil ','exame da 3ª classe ','Matosinhos ',2732617);
INSERT INTO Processo (num_processo,ano,camara,data_envio,num_passaporte) VALUES ('12/63',1962,'Moreira de Rei ','1963-01-14','2605/63');
INSERT INTO Processo_Entidade(Entidade_bi,Processo_num_processo) VALUES (1730224,'12/63');
INSERT INTO Destino_Entidade(pais,cidade,data_prevista_saida,profissao_futura,local,Entidade_bi) VALUES ('França ','null','logo que obtenha autorização e passaporte ','cabouqueiro ','Ent. Houee & Fils ',1730224);
INSERT INTO Habilitacoes_entidade(profissao,habilitacoes,local_trabalho,Entidade_bi) VALUES ('Pedreiro ','exame da 3ª classe ','Moreira de Rei ',1730224);
INSERT INTO Processo (num_processo,ano,camara,data_envio,num_passaporte) VALUES ('13/63',1962,'Monte ','1963-01-14','2354/63');
INSERT INTO Processo_Entidade(Entidade_bi,Processo_num_processo) VALUES (2800008,'13/63');
INSERT INTO Destino_Entidade(pais,cidade,data_prevista_saida,profissao_futura,local,Entidade_bi) VALUES ('França ','null','logo que obtenha autorização e passaporte ','null','null',2800008);
INSERT INTO Habilitacoes_entidade(profissao,habilitacoes,local_trabalho,Entidade_bi) VALUES ('Doméstica ','analfabeta ','Monte ',2800008);
INSERT INTO Processo (num_processo,ano,camara,data_envio,num_passaporte) VALUES ('14/63',1962,'Estorãos ','1963-01-14','2385/63');
INSERT INTO Processo_Entidade(Entidade_bi,Processo_num_processo) VALUES (2751805,'14/63');
INSERT INTO Destino_Entidade(pais,cidade,data_prevista_saida,profissao_futura,local,Entidade_bi) VALUES ('França ','null','logo que obtenha autorização e passaporte ','null','null',2751805);
INSERT INTO Habilitacoes_entidade(profissao,habilitacoes,local_trabalho,Entidade_bi) VALUES ('Doméstica ','sabe ler e escrever ','Estorãos ',2751805);
INSERT INTO Processo (num_processo,ano,camara,data_envio,num_passaporte) VALUES ('15/63',1963,'França ','1963-01-14','2954/63');
INSERT INTO Processo_Entidade(Entidade_bi,Processo_num_processo) VALUES (2798724,'15/63');
INSERT INTO Destino_Entidade(pais,cidade,data_prevista_saida,profissao_futura,local,Entidade_bi) VALUES ('França ','null','logo que obtenha autorização e passaporte ','construção cívíl ','Sydéric ',2798724);
INSERT INTO Habilitacoes_entidade(profissao,habilitacoes,local_trabalho,Entidade_bi) VALUES ('Pedreiro ','exame da 3ª classe ','França ',2798724);
INSERT INTO Processo (num_processo,ano,camara,data_envio,num_passaporte) VALUES ('16/83',1962,'Queimadela ','1963-01-16','2502/63');
INSERT INTO Processo_Entidade(Entidade_bi,Processo_num_processo) VALUES (2711499,'16/83');
INSERT INTO Destino_Entidade(pais,cidade,data_prevista_saida,profissao_futura,local,Entidade_bi) VALUES ('França ','null','logo que obtenha autorização e passaporte ','null','Paul Dard ',2711499);
INSERT INTO Habilitacoes_entidade(profissao,habilitacoes,local_trabalho,Entidade_bi) VALUES ('Trabalhador rural ','exame da 3ª classe ','Queimadela ',2711499);
INSERT INTO Processo (num_processo,ano,camara,data_envio,num_passaporte) VALUES ('17/63',1962,'Fafe ','1963-01-25','14257/63');
INSERT INTO Processo_Entidade(Entidade_bi,Processo_num_processo) VALUES (949976,'17/63');
INSERT INTO Destino_Entidade(pais,cidade,data_prevista_saida,profissao_futura,local,Entidade_bi) VALUES ('França ','null','logo que obtenha autorização e passaporte ','trabalhos públicos ','Paul Dard ',949976);
INSERT INTO Habilitacoes_entidade(profissao,habilitacoes,local_trabalho,Entidade_bi) VALUES ('Trabalhador agrícola ','exame da 3ª classe ','Fafe ',949976);
INSERT INTO Processo (num_processo,ano,camara,data_envio,num_passaporte) VALUES ('18/63',1963,'França ','1963-01-25','3120/63');
INSERT INTO Processo_Entidade(Entidade_bi,Processo_num_processo) VALUES (2679684,'18/63');
INSERT INTO Destino_Entidade(pais,cidade,data_prevista_saida,profissao_futura,local,Entidade_bi) VALUES ('França ','null','logo que obtenha autorização e passaporte ','null','Entreprise Plantivaud et Machat ',2679684);
INSERT INTO Habilitacoes_entidade(profissao,habilitacoes,local_trabalho,Entidade_bi) VALUES ('Trabalhador rural ','exame de 2ª classe ','França ',2679684);
INSERT INTO Processo (num_processo,ano,camara,data_envio,num_passaporte) VALUES ('19/63',1962,'Fafe ','1963-01-18','3138/63');
INSERT INTO Processo_Entidade(Entidade_bi,Processo_num_processo) VALUES (1707142,'19/63');
INSERT INTO Destino_Entidade(pais,cidade,data_prevista_saida,profissao_futura,local,Entidade_bi) VALUES ('França ','null','logo que obtenha autorização e passaporte ','assentador de vias ','Ent. A. Dehe & Cie ',1707142);
INSERT INTO Habilitacoes_entidade(profissao,habilitacoes,local_trabalho,Entidade_bi) VALUES ('Trabalhos diversos ','exame da 3ª classe ','Fafe ',1707142);
INSERT INTO Processo (num_processo,ano,camara,data_envio,num_passaporte) VALUES ('20/63',1962,'Antime ','1963-01-28','34574/63');
INSERT INTO Processo_Entidade(Entidade_bi,Processo_num_processo) VALUES (947575,'20/63');
INSERT INTO Destino_Entidade(pais,cidade,data_prevista_saida,profissao_futura,local,Entidade_bi) VALUES ('França ','null','logo que obtenha autorizacão e passaposte ','cimenteiro ','Sté. Des mines de Bitume & d, Asphalte du Centre St. Pierre des Corpes - (Indre&Loire) ',947575);
INSERT INTO Habilitacoes_entidade(profissao,habilitacoes,local_trabalho,Entidade_bi) VALUES ('Trolha ','exame da 2ª classe ','Antime ',947575);
INSERT INTO Processo (num_processo,ano,camara,data_envio,num_passaporte) VALUES ('21/63',1963,'Fafe ','1963-01-28','3500/63');
INSERT INTO Processo_Entidade(Entidade_bi,Processo_num_processo) VALUES (2790420,'21/63');
INSERT INTO Destino_Entidade(pais,cidade,data_prevista_saida,profissao_futura,local,Entidade_bi) VALUES ('França ','null','o mais cêdo possível ','null','null',2790420);
INSERT INTO Habilitacoes_entidade(profissao,habilitacoes,local_trabalho,Entidade_bi) VALUES ('Doméstica ','exame 4ª classe ','Fafe ',2790420);
INSERT INTO Processo (num_processo,ano,camara,data_envio,num_passaporte) VALUES ('22/63',1962,'Serafão ','1963-01-28','3811/63');
INSERT INTO Processo_Entidade(Entidade_bi,Processo_num_processo) VALUES (1932615,'22/63');
INSERT INTO Destino_Entidade(pais,cidade,data_prevista_saida,profissao_futura,local,Entidade_bi) VALUES ('França ','null','logo que obtenha autorização e passaporte ','construção cívil ','Societe Industrilelle de Travaux ',1932615);
INSERT INTO Habilitacoes_entidade(profissao,habilitacoes,local_trabalho,Entidade_bi) VALUES ('Carpinteiro ','exame da 4ª. Classe ','Serafão ',1932615);
INSERT INTO Processo (num_processo,ano,camara,data_envio,num_passaporte) VALUES ('23/63',1963,'França ','1963-01-28','3460/63');
INSERT INTO Processo_Entidade(Entidade_bi,Processo_num_processo) VALUES (2803062,'23/63');
INSERT INTO Destino_Entidade(pais,cidade,data_prevista_saida,profissao_futura,local,Entidade_bi) VALUES ('França ','null','logo que obtenha autorização e passaporte ','null','Entreprise de Maçonnerie - Beton - Etc. A Kergraisse ',2803062);
INSERT INTO Habilitacoes_entidade(profissao,habilitacoes,local_trabalho,Entidade_bi) VALUES ('Trabalhador rural ','exame da 3ª Classe ','França ',2803062);
INSERT INTO Processo (num_processo,ano,camara,data_envio,num_passaporte) VALUES ('24/63',1963,'França ','1963-01-29','3440/63');
INSERT INTO Processo_Entidade(Entidade_bi,Processo_num_processo) VALUES (1734417,'24/63');
INSERT INTO Destino_Entidade(pais,cidade,data_prevista_saida,profissao_futura,local,Entidade_bi) VALUES ('França ','null','logo que obtenha passaporte ','pedreiro ','Entreprise Pascal ',1734417);
INSERT INTO Habilitacoes_entidade(profissao,habilitacoes,local_trabalho,Entidade_bi) VALUES ('Pedreiro ','exame da 3ª Classe ','França ',1734417);
INSERT INTO Processo (num_processo,ano,camara,data_envio,num_passaporte) VALUES ('25/63',1962,'Serafão ','1963-01-29','6014/63');
INSERT INTO Processo_Entidade(Entidade_bi,Processo_num_processo) VALUES (1763562,'25/63');
INSERT INTO Destino_Entidade(pais,cidade,data_prevista_saida,profissao_futura,local,Entidade_bi) VALUES ('França ','null','logo que obtenha autorização e passaporte ','pedreiro ','Villadier Pére et Fils ',1763562);
INSERT INTO Habilitacoes_entidade(profissao,habilitacoes,local_trabalho,Entidade_bi) VALUES ('Pedreiro ','exame da 4ª. Classe ','Serafão ',1763562);
INSERT INTO Processo (num_processo,ano,camara,data_envio,num_passaporte) VALUES ('26/63',1962,'Freitas ','1963-01-30','3435/63');
INSERT INTO Processo_Entidade(Entidade_bi,Processo_num_processo) VALUES (2779951,'26/63');
INSERT INTO Destino_Entidade(pais,cidade,data_prevista_saida,profissao_futura,local,Entidade_bi) VALUES ('França ','null','logo que obtenha autorização e passaporte ','cabouqueiro ','Ent. Bastardie ',2779951);
INSERT INTO Habilitacoes_entidade(profissao,habilitacoes,local_trabalho,Entidade_bi) VALUES ('Ajudante de Pedreiro ','analfabeto ','Freitas ',2779951);
INSERT INTO Processo (num_processo,ano,camara,data_envio,num_passaporte) VALUES ('27/63',1962,'Fafe e outras localidades ','1963-01-30','3474/63');
INSERT INTO Processo_Entidade(Entidade_bi,Processo_num_processo) VALUES (2791910,'27/63');
INSERT INTO Destino_Entidade(pais,cidade,data_prevista_saida,profissao_futura,local,Entidade_bi) VALUES ('França ','null','logo que obtenha autorização e passaporte ','assentador de vias ','Ent. A. DEHE & Cie ',2791910);
INSERT INTO Habilitacoes_entidade(profissao,habilitacoes,local_trabalho,Entidade_bi) VALUES ('Trabalhador agrícola ','exame de 2º grau ','Fafe e outras localidades ',2791910);
INSERT INTO Processo (num_processo,ano,camara,data_envio,num_passaporte) VALUES ('28/63',1962,'Fafe e outras localidades ','1963-01-30','3455/63');
INSERT INTO Processo_Entidade(Entidade_bi,Processo_num_processo) VALUES (877533,'28/63');
INSERT INTO Destino_Entidade(pais,cidade,data_prevista_saida,profissao_futura,local,Entidade_bi) VALUES ('França ','null','logo que obtenha autorização e passaporte ','assentador de vias ','Ent. A. DEHE & Cie ',877533);
INSERT INTO Habilitacoes_entidade(profissao,habilitacoes,local_trabalho,Entidade_bi) VALUES ('Trabalhador rural ','exame da 3ª classe ','Fafe e outras localidades ',877533);
INSERT INTO Processo (num_processo,ano,camara,data_envio,num_passaporte) VALUES ('30/63',1963,'S. Gens ','1963-01-30','3979/63');
INSERT INTO Processo_Entidade(Entidade_bi,Processo_num_processo) VALUES (2809709,'30/63');
INSERT INTO Destino_Entidade(pais,cidade,data_prevista_saida,profissao_futura,local,Entidade_bi) VALUES ('França ','null','logo que obtenha autorização e passaporte ','null','null',2809709);
INSERT INTO Habilitacoes_entidade(profissao,habilitacoes,local_trabalho,Entidade_bi) VALUES ('Doméstica ','sabe ler e escrever ','S. Gens ',2809709);
INSERT INTO Processo (num_processo,ano,camara,data_envio,num_passaporte) VALUES ('33/63',1962,'Silvares S. Martinho ','1963-01-31','3670/63');
INSERT INTO Processo_Entidade(Entidade_bi,Processo_num_processo) VALUES (1894249,'33/63');
INSERT INTO Destino_Entidade(pais,cidade,data_prevista_saida,profissao_futura,local,Entidade_bi) VALUES ('França ','null','logo que obtenha autorização e passaporte ','cimenteiro ','Soc. Des Mines de Bitume e Asphalte du Centre ',1894249);
INSERT INTO Habilitacoes_entidade(profissao,habilitacoes,local_trabalho,Entidade_bi) VALUES ('Trolha ','exame de 2º grau ','Silvares S. Martinho ',1894249);
INSERT INTO Processo (num_processo,ano,camara,data_envio,num_passaporte) VALUES ('34/63',1963,'Paris ','1963-01-31','3630/63');
INSERT INTO Processo_Entidade(Entidade_bi,Processo_num_processo) VALUES (749775,'34/63');
INSERT INTO Destino_Entidade(pais,cidade,data_prevista_saida,profissao_futura,local,Entidade_bi) VALUES ('França ','null','no mais curto prazo ','betoneiro ','Enterprise Saignat ',749775);
INSERT INTO Habilitacoes_entidade(profissao,habilitacoes,local_trabalho,Entidade_bi) VALUES ('Trabalhador agrícola ','exame da 3ª classe ','Paris ',749775);
INSERT INTO Processo (num_processo,ano,camara,data_envio,num_passaporte) VALUES ('35/63',1963,'Estorãos ','1963-02-02','3968/63');
INSERT INTO Processo_Entidade(Entidade_bi,Processo_num_processo) VALUES (720807,'35/63');
INSERT INTO Destino_Entidade(pais,cidade,data_prevista_saida,profissao_futura,local,Entidade_bi) VALUES ('França ','null','logo que obtenha autorização e passaporte ','null','null',720807);
INSERT INTO Habilitacoes_entidade(profissao,habilitacoes,local_trabalho,Entidade_bi) VALUES ('Doméstica ','analfabeta ','Estorãos ',720807);
INSERT INTO Processo (num_processo,ano,camara,data_envio,num_passaporte) VALUES ('36/63',1963,'Fafe ','1963-02-04','3874/63');
INSERT INTO Processo_Entidade(Entidade_bi,Processo_num_processo) VALUES (2803061,'36/63');
INSERT INTO Destino_Entidade(pais,cidade,data_prevista_saida,profissao_futura,local,Entidade_bi) VALUES ('França ','null','logo que obtenha autorização e passaporte ','Fundidor ','Atelliers D  Orleans de la C.G.E. ',2803061);
INSERT INTO Habilitacoes_entidade(profissao,habilitacoes,local_trabalho,Entidade_bi) VALUES ('Metalurgica ','exame da 4ª classe ','Fafe ',2803061);
INSERT INTO Processo (num_processo,ano,camara,data_envio,num_passaporte) VALUES ('37/63',1962,'Fafe ','1963-02-02','3828/63');
INSERT INTO Processo_Entidade(Entidade_bi,Processo_num_processo) VALUES (2770604,'37/63');
INSERT INTO Destino_Entidade(pais,cidade,data_prevista_saida,profissao_futura,local,Entidade_bi) VALUES ('França ','null','logo que obtenha autorização e passaporte ','moldador de betão ','Ent. Vibracim ',2770604);
INSERT INTO Habilitacoes_entidade(profissao,habilitacoes,local_trabalho,Entidade_bi) VALUES ('Pedreiro ','exame da 3ª classe ','Fafe ',2770604);
INSERT INTO Processo (num_processo,ano,camara,data_envio,num_passaporte) VALUES ('39/63',1962,'Monte ','1963-02-05','3834/63');
INSERT INTO Processo_Entidade(Entidade_bi,Processo_num_processo) VALUES (2793387,'39/63');
INSERT INTO Destino_Entidade(pais,cidade,data_prevista_saida,profissao_futura,local,Entidade_bi) VALUES ('França ','null','logo que obtenha autorização e passaporte ','Operário em trabalhos públicos ','Paul Dard ',2793387);
INSERT INTO Habilitacoes_entidade(profissao,habilitacoes,local_trabalho,Entidade_bi) VALUES ('Trabalhador rural ','exame da 4ª classe ','Monte ',2793387);
INSERT INTO Processo (num_processo,ano,camara,data_envio,num_passaporte) VALUES ('40/63',1963,'Silvares S. Martinho ','1963-02-07','null');
INSERT INTO Processo_Entidade(Entidade_bi,Processo_num_processo) VALUES (2805845,'40/63');
INSERT INTO Destino_Entidade(pais,cidade,data_prevista_saida,profissao_futura,local,Entidade_bi) VALUES ('E.U. Brasil ','S. Paulo ','logo que obtenha autorização e passaporte ','Empregado Comercial ','null',2805845);
INSERT INTO Habilitacoes_entidade(profissao,habilitacoes,local_trabalho,Entidade_bi) VALUES ('Trabalhador rural ','Exame do 2º grau de inst. primária ','Silvares S. Martinho ',2805845);
INSERT INTO Processo (num_processo,ano,camara,data_envio,num_passaporte) VALUES ('41/63',1963,'França ','1963-02-07','4100/63');
INSERT INTO Processo_Entidade(Entidade_bi,Processo_num_processo) VALUES (2685009,'41/63');
INSERT INTO Destino_Entidade(pais,cidade,data_prevista_saida,profissao_futura,local,Entidade_bi) VALUES ('França ','null','logo que obtenha autorização e passaporte ','null','Tem trabalho em França e autorização de residência ',2685009);
INSERT INTO Habilitacoes_entidade(profissao,habilitacoes,local_trabalho,Entidade_bi) VALUES ('Ajudante de Pedreiro ','Exame do 2º grau de inst. Primária ','França ',2685009);
INSERT INTO Processo (num_processo,ano,camara,data_envio,num_passaporte) VALUES ('43/93',1963,'Pedraido ','1963-02-11','4397/63');
INSERT INTO Processo_Entidade(Entidade_bi,Processo_num_processo) VALUES (2673066,'43/93');
INSERT INTO Destino_Entidade(pais,cidade,data_prevista_saida,profissao_futura,local,Entidade_bi) VALUES ('França ','null','logo que obtenha autorização e passaporte ','null','Tem trabalho em França e autorização de residência ',2673066);
INSERT INTO Habilitacoes_entidade(profissao,habilitacoes,local_trabalho,Entidade_bi) VALUES ('Doméstica ','sabe ler e escrever ','Pedraido ',2673066);
INSERT INTO Processo (num_processo,ano,camara,data_envio,num_passaporte) VALUES ('44/63',1963,'França ','1963-02-11','4372/63');
INSERT INTO Processo_Entidade(Entidade_bi,Processo_num_processo) VALUES (950958,'44/63');
INSERT INTO Destino_Entidade(pais,cidade,data_prevista_saida,profissao_futura,local,Entidade_bi) VALUES ('França ','null','no mais curto prazo possível ','null','null',950958);
INSERT INTO Habilitacoes_entidade(profissao,habilitacoes,local_trabalho,Entidade_bi) VALUES ('Carpinteiro ','3ª. Classe ','França ',950958);
INSERT INTO Processo (num_processo,ano,camara,data_envio,num_passaporte) VALUES ('45/63',1963,'Revelhe ','1963-02-11','6061/63');
INSERT INTO Processo_Entidade(Entidade_bi,Processo_num_processo) VALUES (2809577,'45/63');
INSERT INTO Destino_Entidade(pais,cidade,data_prevista_saida,profissao_futura,local,Entidade_bi) VALUES ('E.U. do Brasil ','Rio de Janeiro ','logo que obtenha autorização e passaporte ','null','null',2809577);
INSERT INTO Habilitacoes_entidade(profissao,habilitacoes,local_trabalho,Entidade_bi) VALUES ('Doméstica ','sabe ler e escrever correntemente ','Revelhe ',2809577);
INSERT INTO Processo (num_processo,ano,camara,data_envio,num_passaporte) VALUES ('46/63',1963,'Fafe, Guimarães, etc. ','1963-02-20','4556/63');
INSERT INTO Processo_Entidade(Entidade_bi,Processo_num_processo) VALUES (2793806,'46/63');
INSERT INTO Destino_Entidade(pais,cidade,data_prevista_saida,profissao_futura,local,Entidade_bi) VALUES ('França ','null','logo que obtenha autorização e passaporte ','assentador de vias ','Ent. A. Dehhe e Cule ',2793806);
INSERT INTO Habilitacoes_entidade(profissao,habilitacoes,local_trabalho,Entidade_bi) VALUES ('Servente ','analfabeto ','Fafe, Guimarães, etc. ',2793806);
INSERT INTO Processo (num_processo,ano,camara,data_envio,num_passaporte) VALUES ('47/63',1963,'Fafe ','1963-02-12','null');
INSERT INTO Processo_Entidade(Entidade_bi,Processo_num_processo) VALUES (2764673,'47/63');
INSERT INTO Destino_Entidade(pais,cidade,data_prevista_saida,profissao_futura,local,Entidade_bi) VALUES ('França ','null','logo que a Junta indique ','null','Recrutado pela Junta de Emigração ',2764673);
INSERT INTO Habilitacoes_entidade(profissao,habilitacoes,local_trabalho,Entidade_bi) VALUES ('Trabalhador rural ','3ª Classe ','Fafe ',2764673);
INSERT INTO Processo (num_processo,ano,camara,data_envio,num_passaporte) VALUES ('48/63',1963,'Freitas ','1963-02-12','4532/63');
INSERT INTO Processo_Entidade(Entidade_bi,Processo_num_processo) VALUES (2798046,'48/63');
INSERT INTO Destino_Entidade(pais,cidade,data_prevista_saida,profissao_futura,local,Entidade_bi) VALUES ('França ','null','logo que obtenha autorização e passaporte ','Trabalhar em pedreiras ','Entrepresi Bastardie ',2798046);
INSERT INTO Habilitacoes_entidade(profissao,habilitacoes,local_trabalho,Entidade_bi) VALUES ('Pedreiro ','sabe ler e escrever ','Freitas ',2798046);
INSERT INTO Processo (num_processo,ano,camara,data_envio,num_passaporte) VALUES ('49/63',1963,'Ribeiros ','1963-02-12','6573/63');
INSERT INTO Processo_Entidade(Entidade_bi,Processo_num_processo) VALUES (2711268,'49/63');
INSERT INTO Destino_Entidade(pais,cidade,data_prevista_saida,profissao_futura,local,Entidade_bi) VALUES ('E.U. Brasil ','São Paulo ','logo que obtenha autorização e passaporte ','null','null',2711268);
INSERT INTO Habilitacoes_entidade(profissao,habilitacoes,local_trabalho,Entidade_bi) VALUES ('Doméstica ','exame da 6ª. Classe ','Ribeiros ',2711268);
INSERT INTO Processo (num_processo,ano,camara,data_envio,num_passaporte) VALUES ('50/63',1963,'Fafe ','1963-02-14','4675/63');
INSERT INTO Processo_Entidade(Entidade_bi,Processo_num_processo) VALUES (1681275,'50/63');
INSERT INTO Destino_Entidade(pais,cidade,data_prevista_saida,profissao_futura,local,Entidade_bi) VALUES ('França ','null','logo que obtenha autorização e passaporte ','Pedreiro - Cimenteiro ','Comp. Paris D, Enterprises ',1681275);
INSERT INTO Habilitacoes_entidade(profissao,habilitacoes,local_trabalho,Entidade_bi) VALUES ('Trolha ','exame da 4ª classe ','Fafe ',1681275);
INSERT INTO Processo (num_processo,ano,camara,data_envio,num_passaporte) VALUES ('53/63',1963,'Fareja ','1963-02-14','null');
INSERT INTO Processo_Entidade(Entidade_bi,Processo_num_processo) VALUES (1892688,'53/63');
INSERT INTO Destino_Entidade(pais,cidade,data_prevista_saida,profissao_futura,local,Entidade_bi) VALUES ('França ','null','logo que a Junta indicar ','null','Recrutado pela Junta de Emigração ',1892688);
INSERT INTO Habilitacoes_entidade(profissao,habilitacoes,local_trabalho,Entidade_bi) VALUES ('Trabalhador agrícola ','exame da 3ª. Classe ','Fareja ',1892688);
INSERT INTO Processo (num_processo,ano,camara,data_envio,num_passaporte) VALUES ('54/63',1963,'Fafe ','1963-02-14','4460/63');
INSERT INTO Processo_Entidade(Entidade_bi,Processo_num_processo) VALUES (1807470,'54/63');
INSERT INTO Destino_Entidade(pais,cidade,data_prevista_saida,profissao_futura,local,Entidade_bi) VALUES ('E.U. do Brasil ','São Paulo ','logo que seja possível ','Empregado comercial ','Amaro de Jesus Costa Ramos ',1807470);
INSERT INTO Habilitacoes_entidade(profissao,habilitacoes,local_trabalho,Entidade_bi) VALUES ('Operário Textil ','exame da 3ª. Classe ','Fafe ',1807470);
INSERT INTO Processo (num_processo,ano,camara,data_envio,num_passaporte) VALUES ('55/63',1963,'Fafe ','1963-02-15','4665/63');
INSERT INTO Processo_Entidade(Entidade_bi,Processo_num_processo) VALUES (788532,'55/63');
INSERT INTO Destino_Entidade(pais,cidade,data_prevista_saida,profissao_futura,local,Entidade_bi) VALUES ('França ','null','logo que obtenha autorização e passaporte ','null','null',788532);
INSERT INTO Habilitacoes_entidade(profissao,habilitacoes,local_trabalho,Entidade_bi) VALUES ('Doméstica ','sabe ler e escrever ','Fafe ',788532);
INSERT INTO Processo (num_processo,ano,camara,data_envio,num_passaporte) VALUES ('57/63',1963,'Neyon (França) ','1963-02-16','4568/63');
INSERT INTO Processo_Entidade(Entidade_bi,Processo_num_processo) VALUES (776559,'57/63');
INSERT INTO Destino_Entidade(pais,cidade,data_prevista_saida,profissao_futura,local,Entidade_bi) VALUES ('França ','null','logo que obtenha autorização e passaporte ','null','Tem trabalho em França e autorização de residência ',776559);
INSERT INTO Habilitacoes_entidade(profissao,habilitacoes,local_trabalho,Entidade_bi) VALUES ('Pedreiro ','sabe ler e escrever ','Neyon (França) ',776559);
INSERT INTO Processo (num_processo,ano,camara,data_envio,num_passaporte) VALUES ('58/63',1963,'Arões Sta. Cristina ','1963-02-16','4688/63');
INSERT INTO Processo_Entidade(Entidade_bi,Processo_num_processo) VALUES (772213,'58/63');
INSERT INTO Destino_Entidade(pais,cidade,data_prevista_saida,profissao_futura,local,Entidade_bi) VALUES ('França ','null','logo que obtenha autorização e passaporte ','null','null',772213);
INSERT INTO Habilitacoes_entidade(profissao,habilitacoes,local_trabalho,Entidade_bi) VALUES ('Doméstica ','analfabeta ','Arões Sta. Cristina ',772213);
INSERT INTO Processo (num_processo,ano,camara,data_envio,num_passaporte) VALUES ('59/63',1962,'Quinchães ','1963-02-18','4641/63');
INSERT INTO Processo_Entidade(Entidade_bi,Processo_num_processo) VALUES (2806629,'59/63');
INSERT INTO Destino_Entidade(pais,cidade,data_prevista_saida,profissao_futura,local,Entidade_bi) VALUES ('E.U do Brasil ','Rio de Janeiro ','logo que seja possível ','null','null',2806629);
INSERT INTO Habilitacoes_entidade(profissao,habilitacoes,local_trabalho,Entidade_bi) VALUES ('Doméstica ','analfabeta ','Quinchães ',2806629);
INSERT INTO Processo (num_processo,ano,camara,data_envio,num_passaporte) VALUES ('62/63',1962,'Guimarães ','1963-02-22','5134/63');
INSERT INTO Processo_Entidade(Entidade_bi,Processo_num_processo) VALUES (2809759,'62/63');
INSERT INTO Destino_Entidade(pais,cidade,data_prevista_saida,profissao_futura,local,Entidade_bi) VALUES ('França ','null','logo que obtenha autorizacão e passaporte ','Metalurgia ','Sydéric S.A ',2809759);
INSERT INTO Habilitacoes_entidade(profissao,habilitacoes,local_trabalho,Entidade_bi) VALUES ('Metalúrgico ','exame da 4ª classe ','Guimarães ',2809759);
INSERT INTO Processo (num_processo,ano,camara,data_envio,num_passaporte) VALUES ('63/63',1962,'Fafe ','1963-02-15','453/63');
INSERT INTO Processo_Entidade(Entidade_bi,Processo_num_processo) VALUES (1943190,'63/63');
INSERT INTO Destino_Entidade(pais,cidade,data_prevista_saida,profissao_futura,local,Entidade_bi) VALUES ('França ','null','logo que obtenha autorizacão e passaporte ','Pedreiro ','S.A.R.L Villadier Père & fils ',1943190);
INSERT INTO Habilitacoes_entidade(profissao,habilitacoes,local_trabalho,Entidade_bi) VALUES ('Empregado fabril ','exame da 4ª classe ','Fafe ',1943190);
INSERT INTO Processo (num_processo,ano,camara,data_envio,num_passaporte) VALUES ('64/63',1963,'Pedraido ','1963-03-01','5152/63');
INSERT INTO Processo_Entidade(Entidade_bi,Processo_num_processo) VALUES (2761064,'64/63');
INSERT INTO Destino_Entidade(pais,cidade,data_prevista_saida,profissao_futura,local,Entidade_bi) VALUES ('E.U do Brasil ','Rio de Janeiro ','logo que obtenha autorização e passaporte ','null','null',2761064);
INSERT INTO Habilitacoes_entidade(profissao,habilitacoes,local_trabalho,Entidade_bi) VALUES ('doméstica ','exame da 3ª Classe ','Pedraido ',2761064);
INSERT INTO Processo (num_processo,ano,camara,data_envio,num_passaporte) VALUES ('66/63',1962,'Revelhe ','1963-02-25','5080/63');
INSERT INTO Processo_Entidade(Entidade_bi,Processo_num_processo) VALUES (2806235,'66/63');
INSERT INTO Destino_Entidade(pais,cidade,data_prevista_saida,profissao_futura,local,Entidade_bi) VALUES ('E.U do Brasil ','São Paulo ','logo que obtenha autorizacão e passaporte ','null','null',2806235);
INSERT INTO Habilitacoes_entidade(profissao,habilitacoes,local_trabalho,Entidade_bi) VALUES ('Trabalhador agrícola ','exame da 3ª Classe ','Revelhe ',2806235);
INSERT INTO Processo (num_processo,ano,camara,data_envio,num_passaporte) VALUES ('67/63',1962,'Travassós ','1962-02-27','5206/63');
INSERT INTO Processo_Entidade(Entidade_bi,Processo_num_processo) VALUES (2803048,'67/63');
INSERT INTO Destino_Entidade(pais,cidade,data_prevista_saida,profissao_futura,local,Entidade_bi) VALUES ('França ','null','logo que obtenha autorizacão e passaporte ','Pedreiro ','Societé Lorraine de Travaux Publics ',2803048);
INSERT INTO Habilitacoes_entidade(profissao,habilitacoes,local_trabalho,Entidade_bi) VALUES ('Pedreiro ','analdabeto ','Travassós ',2803048);
INSERT INTO Processo (num_processo,ano,camara,data_envio,num_passaporte) VALUES ('68/63',1962,'Fafe ','1963-02-27','5242/63');
INSERT INTO Processo_Entidade(Entidade_bi,Processo_num_processo) VALUES (1887894,'68/63');
INSERT INTO Destino_Entidade(pais,cidade,data_prevista_saida,profissao_futura,local,Entidade_bi) VALUES ('França ','null','logo que obtenha autorizacão e passaporte ','Carpinteiro ','Entreprise Chambon Clement Ferreand ',1887894);
INSERT INTO Habilitacoes_entidade(profissao,habilitacoes,local_trabalho,Entidade_bi) VALUES ('Pedreiro ','exame da 3ª Classe ','Fafe ',1887894);
INSERT INTO Processo (num_processo,ano,camara,data_envio,num_passaporte) VALUES ('69/63',1962,'Ardegão ','1963-02-28','5307/63');
INSERT INTO Processo_Entidade(Entidade_bi,Processo_num_processo) VALUES (2814433,'69/63');
INSERT INTO Destino_Entidade(pais,cidade,data_prevista_saida,profissao_futura,local,Entidade_bi) VALUES ('França ','null','logo que obtenha autorizacão e passaporte ','construção cívil ','Bourdeix.P. ',2814433);
INSERT INTO Habilitacoes_entidade(profissao,habilitacoes,local_trabalho,Entidade_bi) VALUES ('trabalhador agricola ','exame da 3ª Classe ','Ardegão ',2814433);
INSERT INTO Processo (num_processo,ano,camara,data_envio,num_passaporte) VALUES ('74/63',1962,'Silvares e outras freguesias ','1963-03-04','5829/63');
INSERT INTO Processo_Entidade(Entidade_bi,Processo_num_processo) VALUES (2793297,'74/63');
INSERT INTO Destino_Entidade(pais,cidade,data_prevista_saida,profissao_futura,local,Entidade_bi) VALUES ('França ','null','o mais curto prazo ','construção cívil ','Seté des Mines di Bitume & d Asphalte du Centre ',2793297);
INSERT INTO Habilitacoes_entidade(profissao,habilitacoes,local_trabalho,Entidade_bi) VALUES ('Trolha, cimenteiro ','exame de 3ª classe ','Silvares e outras freguesias ',2793297);
INSERT INTO Processo (num_processo,ano,camara,data_envio,num_passaporte) VALUES ('73/63',1963,'França ','1963-03-01','8562/63');
INSERT INTO Processo_Entidade(Entidade_bi,Processo_num_processo) VALUES (822760,'73/63');
INSERT INTO Destino_Entidade(pais,cidade,data_prevista_saida,profissao_futura,local,Entidade_bi) VALUES ('França ','null','logo que obtenha autorizacão e passaporte ','null','null',822760);
INSERT INTO Habilitacoes_entidade(profissao,habilitacoes,local_trabalho,Entidade_bi) VALUES ('Servente da construção civil ','exame da 3ª Classe ','França ',822760);
INSERT INTO Processo (num_processo,ano,camara,data_envio,num_passaporte) VALUES ('72/63',1963,'França ','1963-03-01','6752/67');
INSERT INTO Processo_Entidade(Entidade_bi,Processo_num_processo) VALUES (1718987,'72/63');
INSERT INTO Destino_Entidade(pais,cidade,data_prevista_saida,profissao_futura,local,Entidade_bi) VALUES ('França ','null','logo que obtenha autorizacão e passaporte ','Metalurgia ','P. Braço & Cie em Hautmont (Nord) ',1718987);
INSERT INTO Habilitacoes_entidade(profissao,habilitacoes,local_trabalho,Entidade_bi) VALUES ('Soldador metalúrgico ','exame da 3ª Classe ','França ',1718987);
INSERT INTO Processo (num_processo,ano,camara,data_envio,num_passaporte) VALUES ('71/63',1963,'Pedraido ','1963-02-28','5759/63');
INSERT INTO Processo_Entidade(Entidade_bi,Processo_num_processo) VALUES (2820778,'71/63');
INSERT INTO Destino_Entidade(pais,cidade,data_prevista_saida,profissao_futura,local,Entidade_bi) VALUES ('França ','null','logo que obtenha autorizacão e passaporte ','null','null',2820778);
INSERT INTO Habilitacoes_entidade(profissao,habilitacoes,local_trabalho,Entidade_bi) VALUES ('Doméstica ','analfabeta ','Pedraido ',2820778);
INSERT INTO Processo (num_processo,ano,camara,data_envio,num_passaporte) VALUES ('70/63',1962,'Travassós ','1963-02-28','5321/63');
INSERT INTO Processo_Entidade(Entidade_bi,Processo_num_processo) VALUES (1708371,'70/63');
INSERT INTO Destino_Entidade(pais,cidade,data_prevista_saida,profissao_futura,local,Entidade_bi) VALUES ('França ','null','logo que obtenha autorizacão e passaporte ','Construção ','Lorraine de Travaux Publics ',1708371);
INSERT INTO Habilitacoes_entidade(profissao,habilitacoes,local_trabalho,Entidade_bi) VALUES ('Pedreiro ','exame da 4ª classe ','Travassós ',1708371);
INSERT INTO Processo (num_processo,ano,camara,data_envio,num_passaporte) VALUES ('75/63',1963,'Quinchães ','1963-03-06','7271/63');
INSERT INTO Processo_Entidade(Entidade_bi,Processo_num_processo) VALUES (2654781,'75/63');
INSERT INTO Destino_Entidade(pais,cidade,data_prevista_saida,profissao_futura,local,Entidade_bi) VALUES ('França ','null','Quando a Junta indicar ','Construção ','null',2654781);
INSERT INTO Habilitacoes_entidade(profissao,habilitacoes,local_trabalho,Entidade_bi) VALUES ('Trabalhador agrícola ','Exame do 2º grau ','Quinchães ',2654781);
INSERT INTO Processo (num_processo,ano,camara,data_envio,num_passaporte) VALUES ('76/63',1963,'Travassós ','1963-03-06','6467/63');
INSERT INTO Processo_Entidade(Entidade_bi,Processo_num_processo) VALUES (2703354,'76/63');
INSERT INTO Destino_Entidade(pais,cidade,data_prevista_saida,profissao_futura,local,Entidade_bi) VALUES ('França ','null','logo que obtenha autorizacão e passaporte ','null','Etablissements Porcher ',2703354);
INSERT INTO Habilitacoes_entidade(profissao,habilitacoes,local_trabalho,Entidade_bi) VALUES ('Trabalhador agrícola ','exame da 4ª classe do ensino primário ','Travassós ',2703354);
INSERT INTO Processo (num_processo,ano,camara,data_envio,num_passaporte) VALUES ('78/63',1963,'Fafe ','1963-03-09','6679/63');
INSERT INTO Processo_Entidade(Entidade_bi,Processo_num_processo) VALUES (912134,'78/63');
INSERT INTO Destino_Entidade(pais,cidade,data_prevista_saida,profissao_futura,local,Entidade_bi) VALUES ('França ','null','Quando a Junta indicar ','null','Recrutado pela Junta de Emigração ',912134);
INSERT INTO Habilitacoes_entidade(profissao,habilitacoes,local_trabalho,Entidade_bi) VALUES ('Trabalhador agrícola ','exame da 3ª Classe ','Fafe ',912134);
INSERT INTO Processo (num_processo,ano,camara,data_envio,num_passaporte) VALUES ('79/63',1963,'Freitas ','1963-03-09','6678/63');
INSERT INTO Processo_Entidade(Entidade_bi,Processo_num_processo) VALUES (839588,'79/63');
INSERT INTO Destino_Entidade(pais,cidade,data_prevista_saida,profissao_futura,local,Entidade_bi) VALUES ('França ','null','Quando a Junta indicar ','null','null',839588);
INSERT INTO Habilitacoes_entidade(profissao,habilitacoes,local_trabalho,Entidade_bi) VALUES ('Trabalhador agrícola ','Exame do 2º grau de inst. Primária ','Freitas ',839588);
INSERT INTO Processo (num_processo,ano,camara,data_envio,num_passaporte) VALUES ('80/63',1963,'S. Gens ','1963-03-07','6645/63');
INSERT INTO Processo_Entidade(Entidade_bi,Processo_num_processo) VALUES (1745976,'80/63');
INSERT INTO Destino_Entidade(pais,cidade,data_prevista_saida,profissao_futura,local,Entidade_bi) VALUES ('França ','null','Quando a Junta indicar ','null','null',1745976);
INSERT INTO Habilitacoes_entidade(profissao,habilitacoes,local_trabalho,Entidade_bi) VALUES ('Trabalhador agrícola ','exame da 3ª Classe ','S. Gens ',1745976);
INSERT INTO Processo (num_processo,ano,camara,data_envio,num_passaporte) VALUES ('81/63',1963,'Seidões ','1963-03-09','4321/63');
INSERT INTO Processo_Entidade(Entidade_bi,Processo_num_processo) VALUES (815156,'81/63');
INSERT INTO Destino_Entidade(pais,cidade,data_prevista_saida,profissao_futura,local,Entidade_bi) VALUES ('França ','null','Quando a Junta indicar ','null','null',815156);
INSERT INTO Habilitacoes_entidade(profissao,habilitacoes,local_trabalho,Entidade_bi) VALUES ('Trabalhador agrícola ','exame da 3ª Classe ','Seidões ',815156);
INSERT INTO Processo (num_processo,ano,camara,data_envio,num_passaporte) VALUES ('82/63',1963,'Armil ','1928-11-20','6553/63');
INSERT INTO Processo_Entidade(Entidade_bi,Processo_num_processo) VALUES (2809795,'82/63');
INSERT INTO Destino_Entidade(pais,cidade,data_prevista_saida,profissao_futura,local,Entidade_bi) VALUES ('França ','null','Quando a Junta indicar ','null','Recrutado pela Junta de Emigração ',2809795);
INSERT INTO Habilitacoes_entidade(profissao,habilitacoes,local_trabalho,Entidade_bi) VALUES ('Trabalhador agrícola ','exame da 3ª Classe ','Armil ',2809795);
INSERT INTO Processo (num_processo,ano,camara,data_envio,num_passaporte) VALUES ('83/63',1963,'Cepães ','1963-03-09','6551/63');
INSERT INTO Processo_Entidade(Entidade_bi,Processo_num_processo) VALUES (2808926,'83/63');
INSERT INTO Destino_Entidade(pais,cidade,data_prevista_saida,profissao_futura,local,Entidade_bi) VALUES ('França ','null','Quando a Junta indicar ','null','null',2808926);
INSERT INTO Habilitacoes_entidade(profissao,habilitacoes,local_trabalho,Entidade_bi) VALUES ('Trabalhador agrícola ','sabe ler e escrever ? ','Cepães ',2808926);
INSERT INTO Processo (num_processo,ano,camara,data_envio,num_passaporte) VALUES ('84/63',1963,'Fornelos ','1963-03-09','6663/63');
INSERT INTO Processo_Entidade(Entidade_bi,Processo_num_processo) VALUES (776554,'84/63');
INSERT INTO Destino_Entidade(pais,cidade,data_prevista_saida,profissao_futura,local,Entidade_bi) VALUES ('França ','null','Quando a Junta indicar ','null','null',776554);
INSERT INTO Habilitacoes_entidade(profissao,habilitacoes,local_trabalho,Entidade_bi) VALUES ('Trabalhador agrícola ','exame de 3ª classe ','Fornelos ',776554);
INSERT INTO Processo (num_processo,ano,camara,data_envio,num_passaporte) VALUES ('85/63',1963,'Golães ','1963-03-09','6550/63');
INSERT INTO Processo_Entidade(Entidade_bi,Processo_num_processo) VALUES (1944627,'85/63');
INSERT INTO Destino_Entidade(pais,cidade,data_prevista_saida,profissao_futura,local,Entidade_bi) VALUES ('França ','null','Quando a Junta indicar ','null','null',1944627);
INSERT INTO Habilitacoes_entidade(profissao,habilitacoes,local_trabalho,Entidade_bi) VALUES ('Trabalhador agrícola ','exame da 3ª Classe ','Golães ',1944627);
INSERT INTO Processo (num_processo,ano,camara,data_envio,num_passaporte) VALUES ('86/63',1963,'S. Gens ','1963-03-09','6549/63');
INSERT INTO Processo_Entidade(Entidade_bi,Processo_num_processo) VALUES (1880107,'86/63');
INSERT INTO Destino_Entidade(pais,cidade,data_prevista_saida,profissao_futura,local,Entidade_bi) VALUES ('França ','null','Quando a Junta indicar ','null','Recrutado pela Junta de Emigração ',1880107);
INSERT INTO Habilitacoes_entidade(profissao,habilitacoes,local_trabalho,Entidade_bi) VALUES ('Trabalhador agrícola ','Sabe ler e escrever correntemente ','S. Gens ',1880107);
INSERT INTO Processo (num_processo,ano,camara,data_envio,num_passaporte) VALUES ('87/63',1963,'Golães ','1963-03-09','6561/63');
INSERT INTO Processo_Entidade(Entidade_bi,Processo_num_processo) VALUES (1694074,'87/63');
INSERT INTO Destino_Entidade(pais,cidade,data_prevista_saida,profissao_futura,local,Entidade_bi) VALUES ('França ','null','Quando a Junta indicar ','null','null',1694074);
INSERT INTO Habilitacoes_entidade(profissao,habilitacoes,local_trabalho,Entidade_bi) VALUES ('Trabalhador agrícola ','exame da 3ª Classe ','Golães ',1694074);
INSERT INTO Processo (num_processo,ano,camara,data_envio,num_passaporte) VALUES ('88/63',1963,'Moreira de Rei ','1963-03-09','6673/63');
INSERT INTO Processo_Entidade(Entidade_bi,Processo_num_processo) VALUES (1811399,'88/63');
INSERT INTO Destino_Entidade(pais,cidade,data_prevista_saida,profissao_futura,local,Entidade_bi) VALUES ('França ','null','Quando a Junta indicar ','null','null',1811399);
INSERT INTO Habilitacoes_entidade(profissao,habilitacoes,local_trabalho,Entidade_bi) VALUES ('Trabalhador agrícola ','3ª Classe ','Moreira de Rei ',1811399);
INSERT INTO Processo (num_processo,ano,camara,data_envio,num_passaporte) VALUES ('89/63',1963,'Antime ','1963-03-09','6552/63');
INSERT INTO Processo_Entidade(Entidade_bi,Processo_num_processo) VALUES (704219,'89/63');
INSERT INTO Destino_Entidade(pais,cidade,data_prevista_saida,profissao_futura,local,Entidade_bi) VALUES ('França ','null','Quando a Junta indicar ','null','null',704219);
INSERT INTO Habilitacoes_entidade(profissao,habilitacoes,local_trabalho,Entidade_bi) VALUES ('Trabalhador agrícola ','Exame do 2º grau ','Antime ',704219);
INSERT INTO Processo (num_processo,ano,camara,data_envio,num_passaporte) VALUES ('90/63',1963,'Freitas ','1963-03-13','6559/63');
INSERT INTO Processo_Entidade(Entidade_bi,Processo_num_processo) VALUES (1892167,'90/63');
INSERT INTO Destino_Entidade(pais,cidade,data_prevista_saida,profissao_futura,local,Entidade_bi) VALUES ('França ','null','Quando a Junta indicar ','null','Recrutado pela Junta de Emigração Beterraba ',1892167);
INSERT INTO Habilitacoes_entidade(profissao,habilitacoes,local_trabalho,Entidade_bi) VALUES ('Trabalhador agrícola ','exame da 3ª Classe ','Freitas ',1892167);
INSERT INTO Processo (num_processo,ano,camara,data_envio,num_passaporte) VALUES ('91/63',1963,'Freitas ','1963-03-13','6560/63');
INSERT INTO Processo_Entidade(Entidade_bi,Processo_num_processo) VALUES (1675530,'91/63');
INSERT INTO Destino_Entidade(pais,cidade,data_prevista_saida,profissao_futura,local,Entidade_bi) VALUES ('França ','null','Quando a Junta indicar ','null','null',1675530);
INSERT INTO Habilitacoes_entidade(profissao,habilitacoes,local_trabalho,Entidade_bi) VALUES ('Trabalhador agrícola ','exame da 4ª classe ','Freitas ',1675530);
INSERT INTO Processo (num_processo,ano,camara,data_envio,num_passaporte) VALUES ('92/63',1963,'S. Gens ','1963-03-13','6561/63');
INSERT INTO Processo_Entidade(Entidade_bi,Processo_num_processo) VALUES (720811,'92/63');
INSERT INTO Destino_Entidade(pais,cidade,data_prevista_saida,profissao_futura,local,Entidade_bi) VALUES ('França ','null','Quando a Junta indicar ','null','null',720811);
INSERT INTO Habilitacoes_entidade(profissao,habilitacoes,local_trabalho,Entidade_bi) VALUES ('Trabalhador agrícola ','exame da 3ª Classe ','S. Gens ',720811);
INSERT INTO Processo (num_processo,ano,camara,data_envio,num_passaporte) VALUES ('93/63',1963,'Moreira de Rei ','1963-03-13','6562/63');
INSERT INTO Processo_Entidade(Entidade_bi,Processo_num_processo) VALUES (863248,'93/63');
INSERT INTO Destino_Entidade(pais,cidade,data_prevista_saida,profissao_futura,local,Entidade_bi) VALUES ('França ','null','Quando a Junta indicar ','null','null',863248);
INSERT INTO Habilitacoes_entidade(profissao,habilitacoes,local_trabalho,Entidade_bi) VALUES ('Trabalhador agrícola ','exame da 3ª Classe ','Moreira de Rei ',863248);
INSERT INTO Processo (num_processo,ano,camara,data_envio,num_passaporte) VALUES ('94/63',1963,'S. Gens ','1963-03-13','6563/63');
INSERT INTO Processo_Entidade(Entidade_bi,Processo_num_processo) VALUES (2819310,'94/63');
INSERT INTO Destino_Entidade(pais,cidade,data_prevista_saida,profissao_futura,local,Entidade_bi) VALUES ('França ','null','Quando a Junta indicar ','null','null',2819310);
INSERT INTO Habilitacoes_entidade(profissao,habilitacoes,local_trabalho,Entidade_bi) VALUES ('Trabalhador agrícola ','Sabe ler e escrever correntemente ','S. Gens ',2819310);
INSERT INTO Processo (num_processo,ano,camara,data_envio,num_passaporte) VALUES ('95/63',1963,'Serafão ','1963-03-13','6623/63');
INSERT INTO Processo_Entidade(Entidade_bi,Processo_num_processo) VALUES (2677175,'95/63');
INSERT INTO Destino_Entidade(pais,cidade,data_prevista_saida,profissao_futura,local,Entidade_bi) VALUES ('França ','null','Quando a Junta indicar ','null','null',2677175);
INSERT INTO Habilitacoes_entidade(profissao,habilitacoes,local_trabalho,Entidade_bi) VALUES ('Trabalhador agrícola ','exame da 3ª Classe ','Serafão ',2677175);
INSERT INTO Processo (num_processo,ano,camara,data_envio,num_passaporte) VALUES ('96/63',1963,'Passos ','1963-03-13','6660/63');
INSERT INTO Processo_Entidade(Entidade_bi,Processo_num_processo) VALUES (1736116,'96/63');
INSERT INTO Destino_Entidade(pais,cidade,data_prevista_saida,profissao_futura,local,Entidade_bi) VALUES ('França ','null','Quando a Junta indicar ','null','null',1736116);
INSERT INTO Habilitacoes_entidade(profissao,habilitacoes,local_trabalho,Entidade_bi) VALUES ('Trabalhador agrícola ','exame de 3ª classe ','Passos ',1736116);
INSERT INTO Processo (num_processo,ano,camara,data_envio,num_passaporte) VALUES ('97/63',1963,'Estorãos ','1963-03-13','6624/63');
INSERT INTO Processo_Entidade(Entidade_bi,Processo_num_processo) VALUES (1717869,'97/63');
INSERT INTO Destino_Entidade(pais,cidade,data_prevista_saida,profissao_futura,local,Entidade_bi) VALUES ('França ','null','Quando a Junta indicar ','null','null',1717869);
INSERT INTO Habilitacoes_entidade(profissao,habilitacoes,local_trabalho,Entidade_bi) VALUES ('Trabalhador agrícola ','exame da 4º classe ','Estorãos ',1717869);
INSERT INTO Processo (num_processo,ano,camara,data_envio,num_passaporte) VALUES ('98/63',1963,'Antime e Fafe ','1963-03-13','6666/63');
INSERT INTO Processo_Entidade(Entidade_bi,Processo_num_processo) VALUES (2759554,'98/63');
INSERT INTO Destino_Entidade(pais,cidade,data_prevista_saida,profissao_futura,local,Entidade_bi) VALUES ('França ','null','Quando a Junta indicar ','null','Recrutado pela Junta de Emigração Beterraba ',2759554);
INSERT INTO Habilitacoes_entidade(profissao,habilitacoes,local_trabalho,Entidade_bi) VALUES ('Trabalhador agrícola ','sabe ler e escrever ','Antime e Fafe ',2759554);
INSERT INTO Processo (num_processo,ano,camara,data_envio,num_passaporte) VALUES ('99/63',1963,'Arões ','1963-03-13','6557/63');
INSERT INTO Processo_Entidade(Entidade_bi,Processo_num_processo) VALUES (1859506,'99/63');
INSERT INTO Destino_Entidade(pais,cidade,data_prevista_saida,profissao_futura,local,Entidade_bi) VALUES ('França ','null','Quando a Junta indicar ','null','Recrutado pela Junta de Emigração - Beterraba ',1859506);
INSERT INTO Habilitacoes_entidade(profissao,habilitacoes,local_trabalho,Entidade_bi) VALUES ('Trabalhador agrícola ','exame da 3ª Classe ','Arões ',1859506);
INSERT INTO Processo (num_processo,ano,camara,data_envio,num_passaporte) VALUES ('100/63',1963,'Revelhe ','1963-03-13','6558/63');
INSERT INTO Processo_Entidade(Entidade_bi,Processo_num_processo) VALUES (2763159,'100/63');
INSERT INTO Destino_Entidade(pais,cidade,data_prevista_saida,profissao_futura,local,Entidade_bi) VALUES ('França ','null','Quando a Junta indicar ','null','Recrutado pela Junta de Emigração - Beterraba ',2763159);
INSERT INTO Habilitacoes_entidade(profissao,habilitacoes,local_trabalho,Entidade_bi) VALUES ('Trabalhador agrícola ','exame da 4ª classe ','Revelhe ',2763159);
INSERT INTO Processo (num_processo,ano,camara,data_envio,num_passaporte) VALUES ('101/63',1963,'Quinchães ','1963-03-15','7242/63');
INSERT INTO Processo_Entidade(Entidade_bi,Processo_num_processo) VALUES (1738851,'101/63');
INSERT INTO Destino_Entidade(pais,cidade,data_prevista_saida,profissao_futura,local,Entidade_bi) VALUES ('França ','null','Quando a Junta indicar ','null','Recrutado pela Junta de Emigração Beterraba ',1738851);
INSERT INTO Habilitacoes_entidade(profissao,habilitacoes,local_trabalho,Entidade_bi) VALUES ('Trabalhador agrícola ','exame da 4ª classe ','Quinchães ',1738851);
INSERT INTO Processo (num_processo,ano,camara,data_envio,num_passaporte) VALUES ('102/63',1963,'Ribeiros ','1963-03-15','6659/63');
INSERT INTO Processo_Entidade(Entidade_bi,Processo_num_processo) VALUES (1718986,'102/63');
INSERT INTO Destino_Entidade(pais,cidade,data_prevista_saida,profissao_futura,local,Entidade_bi) VALUES ('França ','null','Quando a Junta indicar ','null','Recrutado pela Junta de Emigração Beterraba ',1718986);
INSERT INTO Habilitacoes_entidade(profissao,habilitacoes,local_trabalho,Entidade_bi) VALUES ('Trabalhador agrícola ','exame da 3ª Classe ','Ribeiros ',1718986);
INSERT INTO Processo (num_processo,ano,camara,data_envio,num_passaporte) VALUES ('104/63',1963,'Serafão ','1963-03-15','7244/63');
INSERT INTO Processo_Entidade(Entidade_bi,Processo_num_processo) VALUES (2812358,'104/63');
INSERT INTO Destino_Entidade(pais,cidade,data_prevista_saida,profissao_futura,local,Entidade_bi) VALUES ('França ','null','Quando a Junta indicar ','null','Recrutado pela Junta de Emigração Beterraba ',2812358);
INSERT INTO Habilitacoes_entidade(profissao,habilitacoes,local_trabalho,Entidade_bi) VALUES ('Trabalhador agrícola ','Sabe ler e escrever correntemente ','Serafão ',2812358);
INSERT INTO Processo (num_processo,ano,camara,data_envio,num_passaporte) VALUES ('105/63',1963,'Fafe ','1963-03-15','7241/63');
INSERT INTO Processo_Entidade(Entidade_bi,Processo_num_processo) VALUES (2826127,'105/63');
INSERT INTO Destino_Entidade(pais,cidade,data_prevista_saida,profissao_futura,local,Entidade_bi) VALUES ('França ','null','Quando a Junta indicar ','null','Recrutado pela Junta de Emigração Beterraba ',2826127);
INSERT INTO Habilitacoes_entidade(profissao,habilitacoes,local_trabalho,Entidade_bi) VALUES ('Trabalhador agrícola ','Sabe ler e escrever correntemente ','Fafe ',2826127);
INSERT INTO Processo (num_processo,ano,camara,data_envio,num_passaporte) VALUES ('106/63',1963,'Pedraido ','1963-03-15','7243/63');
INSERT INTO Processo_Entidade(Entidade_bi,Processo_num_processo) VALUES (2813739,'106/63');
INSERT INTO Destino_Entidade(pais,cidade,data_prevista_saida,profissao_futura,local,Entidade_bi) VALUES ('França ','null','Quando a Junta indicar ','null','Recrutado pela Junta de Emigração Beterraba ',2813739);
INSERT INTO Habilitacoes_entidade(profissao,habilitacoes,local_trabalho,Entidade_bi) VALUES ('Trabalhador agrícola ','Sabe ler e escrever correntemente ','Pedraido ',2813739);
INSERT INTO Processo (num_processo,ano,camara,data_envio,num_passaporte) VALUES ('107/63',1963,'Medelo ','1963-03-15','7559/63');
INSERT INTO Processo_Entidade(Entidade_bi,Processo_num_processo) VALUES (2635173,'107/63');
INSERT INTO Destino_Entidade(pais,cidade,data_prevista_saida,profissao_futura,local,Entidade_bi) VALUES ('França ','null','Quando a Junta indicar ','null','Recrutado pela Junta de Emigração Beterraba ',2635173);
INSERT INTO Habilitacoes_entidade(profissao,habilitacoes,local_trabalho,Entidade_bi) VALUES ('Trabalhador agrícola ','exame da 3ª Classe ','Medelo ',2635173);
INSERT INTO Processo (num_processo,ano,camara,data_envio,num_passaporte) VALUES ('108/63',1963,'Fafe ','1963-03-15','17235/63');
INSERT INTO Processo_Entidade(Entidade_bi,Processo_num_processo) VALUES (1834027,'108/63');
INSERT INTO Destino_Entidade(pais,cidade,data_prevista_saida,profissao_futura,local,Entidade_bi) VALUES ('França ','null','Quando a Junta indicar ','null','Recrutado pela Junta de Emigração Beterraba ',1834027);
INSERT INTO Habilitacoes_entidade(profissao,habilitacoes,local_trabalho,Entidade_bi) VALUES ('Trabalhador agrícola ','exame da 3ª Classe ','Fafe ',1834027);
INSERT INTO Processo (num_processo,ano,camara,data_envio,num_passaporte) VALUES ('109/63',1963,'Armil ','1963-03-15','7236/63');
INSERT INTO Processo_Entidade(Entidade_bi,Processo_num_processo) VALUES (1973832,'109/63');
INSERT INTO Destino_Entidade(pais,cidade,data_prevista_saida,profissao_futura,local,Entidade_bi) VALUES ('França ','null','Quando a Junta indicar ','null','Recrutado pela Junta de Emigração Beterraba ',1973832);
INSERT INTO Habilitacoes_entidade(profissao,habilitacoes,local_trabalho,Entidade_bi) VALUES ('Trabalhador agrícola ','exame da 3ª Classe ','Armil ',1973832);
INSERT INTO Processo (num_processo,ano,camara,data_envio,num_passaporte) VALUES ('111/63',1963,'Fornelos ','1963-03-15','7239/63');
INSERT INTO Processo_Entidade(Entidade_bi,Processo_num_processo) VALUES (2689629,'111/63');
INSERT INTO Destino_Entidade(pais,cidade,data_prevista_saida,profissao_futura,local,Entidade_bi) VALUES ('França ','null','Quando a Junta indicar ','null','Recrutado pela Junta de Emigração Beterraba ',2689629);
INSERT INTO Habilitacoes_entidade(profissao,habilitacoes,local_trabalho,Entidade_bi) VALUES ('Trabalhador agrícola ','Sabe ler e escrever correntemente ','Fornelos ',2689629);
INSERT INTO Processo (num_processo,ano,camara,data_envio,num_passaporte) VALUES ('112/63',1963,'Fornelos ','1963-03-15','7272/63');
INSERT INTO Processo_Entidade(Entidade_bi,Processo_num_processo) VALUES (2791909,'112/63');
INSERT INTO Destino_Entidade(pais,cidade,data_prevista_saida,profissao_futura,local,Entidade_bi) VALUES ('França ','null','Quando a Junta indicar ','null','Recrutado pela Junta de Emigração Beterraba ',2791909);
INSERT INTO Habilitacoes_entidade(profissao,habilitacoes,local_trabalho,Entidade_bi) VALUES ('Trabalhador agrícola ','exame da 3ª Classe ','Fornelos ',2791909);
INSERT INTO Processo (num_processo,ano,camara,data_envio,num_passaporte) VALUES ('113/63',1963,'Estorãos ','1963-03-15','7237/63');
INSERT INTO Processo_Entidade(Entidade_bi,Processo_num_processo) VALUES (1879926,'113/63');
INSERT INTO Destino_Entidade(pais,cidade,data_prevista_saida,profissao_futura,local,Entidade_bi) VALUES ('França ','null','Quando a Junta indicar ','null','Recrutado pela Junta de Emigração Beterraba ',1879926);
INSERT INTO Habilitacoes_entidade(profissao,habilitacoes,local_trabalho,Entidade_bi) VALUES ('Trabalhador agrícola ','sabe ler e escrever ','Estorãos ',1879926);
INSERT INTO Processo (num_processo,ano,camara,data_envio,num_passaporte) VALUES ('115/63',1963,'Pedraido ','1963-03-16','7165/63');
INSERT INTO Processo_Entidade(Entidade_bi,Processo_num_processo) VALUES (2816022,'115/63');
INSERT INTO Destino_Entidade(pais,cidade,data_prevista_saida,profissao_futura,local,Entidade_bi) VALUES ('França ','null','logo que obtenha autorizacão e passaporte ','servente de fornes ','Secieté des Grandes Tuileries   L. Rohmer et cie   ',2816022);
INSERT INTO Habilitacoes_entidade(profissao,habilitacoes,local_trabalho,Entidade_bi) VALUES ('trabalhador rural ','analfabeta ','Pedraido ',2816022);
INSERT INTO Processo (num_processo,ano,camara,data_envio,num_passaporte) VALUES ('116/63',1963,'Pedraido ','1963-03-16','7166/63');
INSERT INTO Processo_Entidade(Entidade_bi,Processo_num_processo) VALUES (2816023,'116/63');
INSERT INTO Destino_Entidade(pais,cidade,data_prevista_saida,profissao_futura,local,Entidade_bi) VALUES ('França ','null','logo que obtenha autorizacão e passaporte ','servente de fornes ','Secieté des Grandes Tuileries   L. Rohmer et cie   ',2816023);
INSERT INTO Habilitacoes_entidade(profissao,habilitacoes,local_trabalho,Entidade_bi) VALUES ('trabalhador rural ','sabe ler e escrever ','Pedraido ',2816023);
INSERT INTO Processo (num_processo,ano,camara,data_envio,num_passaporte) VALUES ('118/63',1963,'Arões S. Romão ','1963-03-18','7275/63');
INSERT INTO Processo_Entidade(Entidade_bi,Processo_num_processo) VALUES (1880009,'118/63');
INSERT INTO Destino_Entidade(pais,cidade,data_prevista_saida,profissao_futura,local,Entidade_bi) VALUES ('França ','null','Quando a Junta indicar ','null','Recrutado pela Junta de Emigração Beterraba ',1880009);
INSERT INTO Habilitacoes_entidade(profissao,habilitacoes,local_trabalho,Entidade_bi) VALUES ('Trabalhador agrícola ','sabe ler e escrever ','Arões S. Romão ',1880009);
INSERT INTO Processo (num_processo,ano,camara,data_envio,num_passaporte) VALUES ('119/63',1963,'Pedraido ','1963-03-18','7623/63');
INSERT INTO Processo_Entidade(Entidade_bi,Processo_num_processo) VALUES (903667,'119/63');
INSERT INTO Destino_Entidade(pais,cidade,data_prevista_saida,profissao_futura,local,Entidade_bi) VALUES ('França ','null','Quando a Junta indicar ','null','Recrutado pela Junta de Emigração Beterraba ',903667);
INSERT INTO Habilitacoes_entidade(profissao,habilitacoes,local_trabalho,Entidade_bi) VALUES ('Trabalhador agrícola ','exame da 3ª Classe ','Pedraido ',903667);
INSERT INTO Processo (num_processo,ano,camara,data_envio,num_passaporte) VALUES ('120/63',1963,'Armil ','1963-03-18','7276/63');
INSERT INTO Processo_Entidade(Entidade_bi,Processo_num_processo) VALUES (863578,'120/63');
INSERT INTO Destino_Entidade(pais,cidade,data_prevista_saida,profissao_futura,local,Entidade_bi) VALUES ('França ','null','Quando a Junta indicar ','null','Recrutado pela Junta de Emigração Beterraba ',863578);
INSERT INTO Habilitacoes_entidade(profissao,habilitacoes,local_trabalho,Entidade_bi) VALUES ('Trabalhador agrícola ','Sabe ler e escrever correntemente ','Armil ',863578);
INSERT INTO Processo (num_processo,ano,camara,data_envio,num_passaporte) VALUES ('121/63',1963,'Passos ','1963-03-18','9160/63');
INSERT INTO Processo_Entidade(Entidade_bi,Processo_num_processo) VALUES (856508,'121/63');
INSERT INTO Destino_Entidade(pais,cidade,data_prevista_saida,profissao_futura,local,Entidade_bi) VALUES ('França ','null','Quando a Junta indicar ','null','Recrutado Pela Junta De Emigração Beterraba ',856508);
INSERT INTO Habilitacoes_entidade(profissao,habilitacoes,local_trabalho,Entidade_bi) VALUES ('Trabalhador agrícola ','exame da 3ª Classe ','Passos ',856508);
INSERT INTO Processo (num_processo,ano,camara,data_envio,num_passaporte) VALUES ('122/63',1963,'Serafão ','1963-03-18','7254/63');
INSERT INTO Processo_Entidade(Entidade_bi,Processo_num_processo) VALUES (2794864,'122/63');
INSERT INTO Destino_Entidade(pais,cidade,data_prevista_saida,profissao_futura,local,Entidade_bi) VALUES ('França ','null','Quando a Junta indicar ','null','Recrutado pela Junta de Emigração Beterraba ',2794864);
INSERT INTO Habilitacoes_entidade(profissao,habilitacoes,local_trabalho,Entidade_bi) VALUES ('Trabalhador agrícola ','exame de 3ª classe ','Serafão ',2794864);
INSERT INTO Processo (num_processo,ano,camara,data_envio,num_passaporte) VALUES ('123/63',1963,'Golães ','1963-03-15','7247/63');
INSERT INTO Processo_Entidade(Entidade_bi,Processo_num_processo) VALUES (1860273,'123/63');
INSERT INTO Destino_Entidade(pais,cidade,data_prevista_saida,profissao_futura,local,Entidade_bi) VALUES ('França ','null','Quando a Junta indicar ','null','Recrutado pela Junta de Emigração Beterraba ',1860273);
INSERT INTO Habilitacoes_entidade(profissao,habilitacoes,local_trabalho,Entidade_bi) VALUES ('Trabalhador agrícola ','exame da 3ª Classe ','Golães ',1860273);
INSERT INTO Processo (num_processo,ano,camara,data_envio,num_passaporte) VALUES ('124/63',1963,'Pedraido ','1963-03-18','7246/63');
INSERT INTO Processo_Entidade(Entidade_bi,Processo_num_processo) VALUES (1749834,'124/63');
INSERT INTO Destino_Entidade(pais,cidade,data_prevista_saida,profissao_futura,local,Entidade_bi) VALUES ('França ','null','Quando a Junta indicar ','null','Recrutado Pela Junta De Emigração Beterraba ',1749834);
INSERT INTO Habilitacoes_entidade(profissao,habilitacoes,local_trabalho,Entidade_bi) VALUES ('Trabalhador agrícola ','exame da 3ª Classe ','Pedraido ',1749834);
INSERT INTO Processo (num_processo,ano,camara,data_envio,num_passaporte) VALUES ('126/63',1963,'null','1963-03-19','7714/63');
INSERT INTO Processo_Entidade(Entidade_bi,Processo_num_processo) VALUES (2685248,'126/63');
INSERT INTO Destino_Entidade(pais,cidade,data_prevista_saida,profissao_futura,local,Entidade_bi) VALUES ('França ','null','no mais curto prazo ','null','null',2685248);
INSERT INTO Habilitacoes_entidade(profissao,habilitacoes,local_trabalho,Entidade_bi) VALUES ('null','exame do 2º grau de instrução primária ','null',2685248);
INSERT INTO Processo (num_processo,ano,camara,data_envio,num_passaporte) VALUES ('127/63',1963,'Queimadela ','1963-03-20','9196/63');
INSERT INTO Processo_Entidade(Entidade_bi,Processo_num_processo) VALUES (2815718,'127/63');
INSERT INTO Destino_Entidade(pais,cidade,data_prevista_saida,profissao_futura,local,Entidade_bi) VALUES ('E. U. Brasil ','S. Paulo ','logo que obtenha autorizacão e passaporte ','null','null',2815718);
INSERT INTO Habilitacoes_entidade(profissao,habilitacoes,local_trabalho,Entidade_bi) VALUES ('Trabalhador agrícola ','exame do 3º Classe do ensino primário ','Queimadela ',2815718);
INSERT INTO Processo (num_processo,ano,camara,data_envio,num_passaporte) VALUES ('128/63',1963,'Fafe ','1963-03-21','7525/63');
INSERT INTO Processo_Entidade(Entidade_bi,Processo_num_processo) VALUES (2774690,'128/63');
INSERT INTO Destino_Entidade(pais,cidade,data_prevista_saida,profissao_futura,local,Entidade_bi) VALUES ('França ','null','logo que obtenha autorizacão e passaporte ','construção civil ','Vran Monsieur Anecy Le Chateau ( Aisne) ',2774690);
INSERT INTO Habilitacoes_entidade(profissao,habilitacoes,local_trabalho,Entidade_bi) VALUES ('Trabalhador rural ','exame da 4ª classe ','Fafe ',2774690);
INSERT INTO Processo (num_processo,ano,camara,data_envio,num_passaporte) VALUES ('130/63',1963,'França ','1963-03-22','1364/62');
INSERT INTO Processo_Entidade(Entidade_bi,Processo_num_processo) VALUES (788531,'130/63');
INSERT INTO Destino_Entidade(pais,cidade,data_prevista_saida,profissao_futura,local,Entidade_bi) VALUES ('França ','null','no mais curto prazo ','assentador de vias ','Enterprise Dehhe. ',788531);
INSERT INTO Habilitacoes_entidade(profissao,habilitacoes,local_trabalho,Entidade_bi) VALUES ('assentador de vias ','exame da 3ª Classe ','França ',788531);
INSERT INTO Processo (num_processo,ano,camara,data_envio,num_passaporte) VALUES ('131/63',1963,'Fafe ','1963-03-23','7801/63');
INSERT INTO Processo_Entidade(Entidade_bi,Processo_num_processo) VALUES (1880106,'131/63');
INSERT INTO Destino_Entidade(pais,cidade,data_prevista_saida,profissao_futura,local,Entidade_bi) VALUES ('França ','null','no mais curto prazo ','null','null',1880106);
INSERT INTO Habilitacoes_entidade(profissao,habilitacoes,local_trabalho,Entidade_bi) VALUES ('Trabalhador agrícola ','Sabe ler e escrever correntemente ','Fafe ',1880106);
INSERT INTO Processo (num_processo,ano,camara,data_envio,num_passaporte) VALUES ('133/63',1962,'S. Gens ','1963-03-23','7169/63');
INSERT INTO Processo_Entidade(Entidade_bi,Processo_num_processo) VALUES (1669210,'133/63');
INSERT INTO Destino_Entidade(pais,cidade,data_prevista_saida,profissao_futura,local,Entidade_bi) VALUES ('E. U. Brasil ','S. Paulo ','Quando obtiver autorização e passaporte ','null','null',1669210);
INSERT INTO Habilitacoes_entidade(profissao,habilitacoes,local_trabalho,Entidade_bi) VALUES ('Doméstica ','Exame da 3º classe ','S. Gens ',1669210);
INSERT INTO Processo (num_processo,ano,camara,data_envio,num_passaporte) VALUES ('134/63',1963,'Moreira de Rei ','1963-03-25','null');
INSERT INTO Processo_Entidade(Entidade_bi,Processo_num_processo) VALUES (1880013,'134/63');
INSERT INTO Destino_Entidade(pais,cidade,data_prevista_saida,profissao_futura,local,Entidade_bi) VALUES ('França ','null','Quando a Junta indicar ','null','Recrutado Pela Junta De Emigração Beterraba ',1880013);
INSERT INTO Habilitacoes_entidade(profissao,habilitacoes,local_trabalho,Entidade_bi) VALUES ('Trabalhador agrícola ','Exame da 3º classe ','Moreira de Rei ',1880013);
INSERT INTO Processo (num_processo,ano,camara,data_envio,num_passaporte) VALUES ('135/63',1963,'S. Gens ','1963-03-25','7492/63');
INSERT INTO Processo_Entidade(Entidade_bi,Processo_num_processo) VALUES (2750917,'135/63');
INSERT INTO Destino_Entidade(pais,cidade,data_prevista_saida,profissao_futura,local,Entidade_bi) VALUES ('França ','null','Quando a Junta indicar ','null','Recrutado Pela Junta De Emigração Beterraba ',2750917);
INSERT INTO Habilitacoes_entidade(profissao,habilitacoes,local_trabalho,Entidade_bi) VALUES ('Trabalhador agrícola ','Exame da 3º classe ','S. Gens ',2750917);
INSERT INTO Processo (num_processo,ano,camara,data_envio,num_passaporte) VALUES ('136/63',1963,'Regadas ','1963-03-26','7622/63');
INSERT INTO Processo_Entidade(Entidade_bi,Processo_num_processo) VALUES (2677883,'136/63');
INSERT INTO Destino_Entidade(pais,cidade,data_prevista_saida,profissao_futura,local,Entidade_bi) VALUES ('França ','null','Quando a Junta indicar ','null','REcrutado pela Junta de Emigração Beterraba ',2677883);
INSERT INTO Habilitacoes_entidade(profissao,habilitacoes,local_trabalho,Entidade_bi) VALUES ('Trabalhador agrícola ','exame da 4ª classe ','Regadas ',2677883);
INSERT INTO Processo (num_processo,ano,camara,data_envio,num_passaporte) VALUES ('137/63',1963,'Orleans França ','1963-04-04','11185/63');
INSERT INTO Processo_Entidade(Entidade_bi,Processo_num_processo) VALUES (2797712,'137/63');
INSERT INTO Destino_Entidade(pais,cidade,data_prevista_saida,profissao_futura,local,Entidade_bi) VALUES ('França ','null','logo que obtenha passaporte ','Electro Menager ','Mota Madeleine, Maurice Bénard ',2797712);
INSERT INTO Habilitacoes_entidade(profissao,habilitacoes,local_trabalho,Entidade_bi) VALUES ('Operário da Indústria pesada ','Sabe ler e escrever correntemente ','Orleans França ',2797712);
INSERT INTO Processo (num_processo,ano,camara,data_envio,num_passaporte) VALUES ('138/63',1963,'Revins Seine et Marne ','1963-04-05','8986/63');
INSERT INTO Processo_Entidade(Entidade_bi,Processo_num_processo) VALUES (1879925,'138/63');
INSERT INTO Destino_Entidade(pais,cidade,data_prevista_saida,profissao_futura,local,Entidade_bi) VALUES ('França ','null','logo que obtenha autorizacão e passaporte ','null','Usines Pongelot ',1879925);
INSERT INTO Habilitacoes_entidade(profissao,habilitacoes,local_trabalho,Entidade_bi) VALUES ('Polidor de vidros ','exame da 4ª classe ','Revins Seine et Marne ',1879925);
INSERT INTO Processo (num_processo,ano,camara,data_envio,num_passaporte) VALUES ('139/63',1963,'Ribeiros ','1963-02-06','8934/63');
INSERT INTO Processo_Entidade(Entidade_bi,Processo_num_processo) VALUES (2757133,'139/63');
INSERT INTO Destino_Entidade(pais,cidade,data_prevista_saida,profissao_futura,local,Entidade_bi) VALUES ('França ','null','logo que obtenha autorizacão e passaporte ','null','null',2757133);
INSERT INTO Habilitacoes_entidade(profissao,habilitacoes,local_trabalho,Entidade_bi) VALUES ('Doméstica ','Exame da 3º classe ','Ribeiros ',2757133);
INSERT INTO Processo (num_processo,ano,camara,data_envio,num_passaporte) VALUES ('141/63',1963,'Moreira ','1963-04-16','9235/63');
INSERT INTO Processo_Entidade(Entidade_bi,Processo_num_processo) VALUES (1789943,'141/63');
INSERT INTO Destino_Entidade(pais,cidade,data_prevista_saida,profissao_futura,local,Entidade_bi) VALUES ('França ','null','logo que a Junta indicar ','null','REcrutado pela Junta de Emigração Beterraba ',1789943);
INSERT INTO Habilitacoes_entidade(profissao,habilitacoes,local_trabalho,Entidade_bi) VALUES ('Trabalhador agrícola ','exame da 2º grau da instrução primária ','Moreira ',1789943);
INSERT INTO Processo (num_processo,ano,camara,data_envio,num_passaporte) VALUES ('142/63',1963,'Lyon França ','1963-06-16','1276/63');
INSERT INTO Processo_Entidade(Entidade_bi,Processo_num_processo) VALUES (1712593,'142/63');
INSERT INTO Destino_Entidade(pais,cidade,data_prevista_saida,profissao_futura,local,Entidade_bi) VALUES ('França ','null','logo que a Junta indicar ','null','Tem trabalho assegurado em França e autorização de residência. ',1712593);
INSERT INTO Habilitacoes_entidade(profissao,habilitacoes,local_trabalho,Entidade_bi) VALUES ('operário de cerâmica ','Sabe ler e escrever correntemente ','Lyon França ',1712593);
INSERT INTO Processo (num_processo,ano,camara,data_envio,num_passaporte) VALUES ('143/63',1963,'Golães, Fafe, etc. ','1963-04-16','9334/63');
INSERT INTO Processo_Entidade(Entidade_bi,Processo_num_processo) VALUES (2823484,'143/63');
INSERT INTO Destino_Entidade(pais,cidade,data_prevista_saida,profissao_futura,local,Entidade_bi) VALUES ('França ','null','logo que obtenha autorizacão e passaporte ','fabrico de mármores ','S.I.R.M ',2823484);
INSERT INTO Habilitacoes_entidade(profissao,habilitacoes,local_trabalho,Entidade_bi) VALUES ('Pedreiro ','exame da 4ª classe 2º grau de instrução ','Golães, Fafe, etc. ',2823484);
INSERT INTO Processo (num_processo,ano,camara,data_envio,num_passaporte) VALUES ('144/63',1962,'S. Gens ','1963-04-17','9249/63');
INSERT INTO Processo_Entidade(Entidade_bi,Processo_num_processo) VALUES (2654896,'144/63');
INSERT INTO Destino_Entidade(pais,cidade,data_prevista_saida,profissao_futura,local,Entidade_bi) VALUES ('França ','null','Quando a Junta indicar ','null','Recrutado Pela Junta De Emigração Beterraba ',2654896);
INSERT INTO Habilitacoes_entidade(profissao,habilitacoes,local_trabalho,Entidade_bi) VALUES ('Trabalhador agrícola ','Sabe ler e escrever correntemente ','S. Gens ',2654896);
INSERT INTO Processo (num_processo,ano,camara,data_envio,num_passaporte) VALUES ('154/63',1963,'Antime ','1963-04-17','null');
INSERT INTO Processo_Entidade(Entidade_bi,Processo_num_processo) VALUES (1806089,'154/63');
INSERT INTO Destino_Entidade(pais,cidade,data_prevista_saida,profissao_futura,local,Entidade_bi) VALUES ('França ','null','Quando a Junta indicar ','null','Recrutado Pela Junta De Emigração Beterraba ',1806089);
INSERT INTO Habilitacoes_entidade(profissao,habilitacoes,local_trabalho,Entidade_bi) VALUES ('Trabalhador agrícola ','Exame da 3º classe ','Antime ',1806089);
INSERT INTO Processo (num_processo,ano,camara,data_envio,num_passaporte) VALUES ('146/63',1962,'Queimadela ','1963-04-17','9345/63');
INSERT INTO Processo_Entidade(Entidade_bi,Processo_num_processo) VALUES (1887883,'146/63');
INSERT INTO Destino_Entidade(pais,cidade,data_prevista_saida,profissao_futura,local,Entidade_bi) VALUES ('E. U. Brasil ','S. Paulo ','logo que obtenha autorizacão e passaporte ','null','null',1887883);
INSERT INTO Habilitacoes_entidade(profissao,habilitacoes,local_trabalho,Entidade_bi) VALUES ('Trabalhador agrícola ','exame de 3ª classe do ensino primário ','Queimadela ',1887883);
INSERT INTO Processo (num_processo,ano,camara,data_envio,num_passaporte) VALUES ('147/63',1963,'Serafão ','1963-04-18','9517/63');
INSERT INTO Processo_Entidade(Entidade_bi,Processo_num_processo) VALUES (2828093,'147/63');
INSERT INTO Destino_Entidade(pais,cidade,data_prevista_saida,profissao_futura,local,Entidade_bi) VALUES ('França ','null','quando obtiver passaporte ','Cimenteiro ','Entrep. Charles Legrand ',2828093);
INSERT INTO Habilitacoes_entidade(profissao,habilitacoes,local_trabalho,Entidade_bi) VALUES ('trabalha em cimentos cimenteiro ','exame de 4ª classe ','Serafão ',2828093);
INSERT INTO Processo (num_processo,ano,camara,data_envio,num_passaporte) VALUES ('148/63',1962,'Fafe ','1963-04-19','9393/63');
INSERT INTO Processo_Entidade(Entidade_bi,Processo_num_processo) VALUES (1811400,'148/63');
INSERT INTO Destino_Entidade(pais,cidade,data_prevista_saida,profissao_futura,local,Entidade_bi) VALUES ('França ','null','logo que obtenha autorizacão e passaporte ','assentador de vias ','A. Dehe & cie ',1811400);
INSERT INTO Habilitacoes_entidade(profissao,habilitacoes,local_trabalho,Entidade_bi) VALUES ('trabalhador rural e jornaleiro e caminhos de ferro ','Exame da 3º classe ','Fafe ',1811400);
INSERT INTO Processo (num_processo,ano,camara,data_envio,num_passaporte) VALUES ('149/63',1962,'Fafe ','1963-04-29','9913/63');
INSERT INTO Processo_Entidade(Entidade_bi,Processo_num_processo) VALUES (1847522,'149/63');
INSERT INTO Destino_Entidade(pais,cidade,data_prevista_saida,profissao_futura,local,Entidade_bi) VALUES ('França ','null','logo que obtenha autorizacão e passaporte ','assentador de vias ','A. Dehe & cie ',1847522);
INSERT INTO Habilitacoes_entidade(profissao,habilitacoes,local_trabalho,Entidade_bi) VALUES ('trabalhos públicos ','Exame da 3º classe ','Fafe ',1847522);
INSERT INTO Processo (num_processo,ano,camara,data_envio,num_passaporte) VALUES ('150/63',1962,'Fafe ','1963-04-29','9912/63');
INSERT INTO Processo_Entidade(Entidade_bi,Processo_num_processo) VALUES (2803637,'150/63');
INSERT INTO Destino_Entidade(pais,cidade,data_prevista_saida,profissao_futura,local,Entidade_bi) VALUES ('França ','null','logo que seja obtida autorização e passaporte ','assentador de vias ','A. Dehe & cie ',2803637);
INSERT INTO Habilitacoes_entidade(profissao,habilitacoes,local_trabalho,Entidade_bi) VALUES ('trabalhador rural, em diversos trabalhos públicos ','exame do 2º grau da instrução primária ','Fafe ',2803637);
INSERT INTO Processo (num_processo,ano,camara,data_envio,num_passaporte) VALUES ('151/63',1963,'Varzeacova ','1963-05-27','11548/63');
INSERT INTO Processo_Entidade(Entidade_bi,Processo_num_processo) VALUES (2841160,'151/63');
INSERT INTO Destino_Entidade(pais,cidade,data_prevista_saida,profissao_futura,local,Entidade_bi) VALUES ('França ','null','logo que obtenha autorização e passaporte ','null','null',2841160);
INSERT INTO Habilitacoes_entidade(profissao,habilitacoes,local_trabalho,Entidade_bi) VALUES ('Doméstica ','sabe ler e escrever ','Varzeacova ',2841160);
INSERT INTO Processo (num_processo,ano,camara,data_envio,num_passaporte) VALUES ('152/63',1963,'Varzeacova ','1963-05-27','11545/63');
INSERT INTO Processo_Entidade(Entidade_bi,Processo_num_processo) VALUES (2841169,'152/63');
INSERT INTO Destino_Entidade(pais,cidade,data_prevista_saida,profissao_futura,local,Entidade_bi) VALUES ('E. U. Brasil ','null','logo que obtenha autorizacão e passaporte ','null','null',2841169);
INSERT INTO Habilitacoes_entidade(profissao,habilitacoes,local_trabalho,Entidade_bi) VALUES ('Trabalhador agrícola ','exame da 4º classe ','Varzeacova ',2841169);
INSERT INTO Processo (num_processo,ano,camara,data_envio,num_passaporte) VALUES ('183/63',1963,'Fornelos ','1963-05-01','10427/63');
INSERT INTO Processo_Entidade(Entidade_bi,Processo_num_processo) VALUES (3747541,'183/63');
INSERT INTO Destino_Entidade(pais,cidade,data_prevista_saida,profissao_futura,local,Entidade_bi) VALUES ('França ','null','logo que obtenha autorizacão e passaporte ','null','null',3747541);
INSERT INTO Habilitacoes_entidade(profissao,habilitacoes,local_trabalho,Entidade_bi) VALUES ('Doméstica ','exame da 3º classe da instrução primária ','Fornelos ',3747541);
INSERT INTO Processo (num_processo,ano,camara,data_envio,num_passaporte) VALUES ('154/634',1963,'Estorãos ','1963-05-01','10426/63');
INSERT INTO Processo_Entidade(Entidade_bi,Processo_num_processo) VALUES (1981400,'154/634');
INSERT INTO Destino_Entidade(pais,cidade,data_prevista_saida,profissao_futura,local,Entidade_bi) VALUES ('França ','null','logo que obtenha autorizacão e passaporte ','null','null',1981400);
INSERT INTO Habilitacoes_entidade(profissao,habilitacoes,local_trabalho,Entidade_bi) VALUES ('Doméstica ','exame da 3º classe da instrução primária ','Estorãos ',1981400);
INSERT INTO Processo (num_processo,ano,camara,data_envio,num_passaporte) VALUES ('155/63',1963,'Golães ','1963-05-01','10206/63');
INSERT INTO Processo_Entidade(Entidade_bi,Processo_num_processo) VALUES (1680461,'155/63');
INSERT INTO Destino_Entidade(pais,cidade,data_prevista_saida,profissao_futura,local,Entidade_bi) VALUES ('França ','null','logo que obtenha autorizacão e passaporte ','Pedreiro ','Ent. Bollard et Cie ',1680461);
INSERT INTO Habilitacoes_entidade(profissao,habilitacoes,local_trabalho,Entidade_bi) VALUES ('Caiador cimenteiro pedreiro ','exame de 2º grau da instrução primária ','Golães ',1680461);
INSERT INTO Processo (num_processo,ano,camara,data_envio,num_passaporte) VALUES ('156/63',1963,'Golães ','1963-05-02','10362/63');
INSERT INTO Processo_Entidade(Entidade_bi,Processo_num_processo) VALUES (1800868,'156/63');
INSERT INTO Destino_Entidade(pais,cidade,data_prevista_saida,profissao_futura,local,Entidade_bi) VALUES ('França ','null','Quando a Junta indicar ','null','null',1800868);
INSERT INTO Habilitacoes_entidade(profissao,habilitacoes,local_trabalho,Entidade_bi) VALUES ('Trabalhador agrícola ','Exame da 3º classe ','Golães ',1800868);
INSERT INTO Processo (num_processo,ano,camara,data_envio,num_passaporte) VALUES ('157/63',1963,'Alier França ','1963-05-02','10181/63');
INSERT INTO Processo_Entidade(Entidade_bi,Processo_num_processo) VALUES (1880019,'157/63');
INSERT INTO Destino_Entidade(pais,cidade,data_prevista_saida,profissao_futura,local,Entidade_bi) VALUES ('França ','null','logo que obtenha autorizacão e passaporte ','null','null',1880019);
INSERT INTO Habilitacoes_entidade(profissao,habilitacoes,local_trabalho,Entidade_bi) VALUES ('Jornaleiro de fábrica de serração ','Alier França ','Alier França ',1880019);
INSERT INTO Processo (num_processo,ano,camara,data_envio,num_passaporte) VALUES ('158/63',1963,'Queimadela ','1963-05-09','10617/63');
INSERT INTO Processo_Entidade(Entidade_bi,Processo_num_processo) VALUES (984830,'158/63');
INSERT INTO Destino_Entidade(pais,cidade,data_prevista_saida,profissao_futura,local,Entidade_bi) VALUES ('E. U. Brasil ','S. Paulo ','logo que obtenha autorizacão e passaporte ','empregada doméstica ','null',984830);
INSERT INTO Habilitacoes_entidade(profissao,habilitacoes,local_trabalho,Entidade_bi) VALUES ('doméstica ','exame de 2º grau da instrução primária ','Queimadela ',984830);
INSERT INTO Processo (num_processo,ano,camara,data_envio,num_passaporte) VALUES ('159/63',1963,'Queimadela ','1963-05-09','10612/63');
INSERT INTO Processo_Entidade(Entidade_bi,Processo_num_processo) VALUES (2836163,'159/63');
INSERT INTO Destino_Entidade(pais,cidade,data_prevista_saida,profissao_futura,local,Entidade_bi) VALUES ('E. U. Brasil ','S. Paulo ','logo que obtenha autorizacão e passaporte ','null','null',2836163);
INSERT INTO Habilitacoes_entidade(profissao,habilitacoes,local_trabalho,Entidade_bi) VALUES ('Doméstica ','analfabeta ','Queimadela ',2836163);
INSERT INTO Processo (num_processo,ano,camara,data_envio,num_passaporte) VALUES ('160/63',1963,'Queimadela ','1963-05-13','10767/63');
INSERT INTO Processo_Entidade(Entidade_bi,Processo_num_processo) VALUES (2839655,'160/63');
INSERT INTO Destino_Entidade(pais,cidade,data_prevista_saida,profissao_futura,local,Entidade_bi) VALUES ('E. U. Brasil ','S. Paulo ','logo que obtenha autorizacão e passaporte ','ajudante de carpinteiro ','null',2839655);
INSERT INTO Habilitacoes_entidade(profissao,habilitacoes,local_trabalho,Entidade_bi) VALUES ('Trabalhador agrícola ','examde da 4ª classe ','Queimadela ',2839655);
INSERT INTO Processo (num_processo,ano,camara,data_envio,num_passaporte) VALUES ('161/63',1963,'Fornelos ','1963-05-21','11370/63');
INSERT INTO Processo_Entidade(Entidade_bi,Processo_num_processo) VALUES (2828624,'161/63');
INSERT INTO Destino_Entidade(pais,cidade,data_prevista_saida,profissao_futura,local,Entidade_bi) VALUES ('França ','null','logo que obtenha autorizacão e passaporte ','servente ','Fonderies de Sens ',2828624);
INSERT INTO Habilitacoes_entidade(profissao,habilitacoes,local_trabalho,Entidade_bi) VALUES ('Trabalhador agrícola ','exame da 4ª classe ','Fornelos ',2828624);
INSERT INTO Processo (num_processo,ano,camara,data_envio,num_passaporte) VALUES ('163/63',1963,'Moreira ','1963-05-23','11396/63');
INSERT INTO Processo_Entidade(Entidade_bi,Processo_num_processo) VALUES (1770938,'163/63');
INSERT INTO Destino_Entidade(pais,cidade,data_prevista_saida,profissao_futura,local,Entidade_bi) VALUES ('E. U. Brasil ','S. Paulo ','logo que obtenha autorizacão e passaporte ','empregada doméstica ','null',1770938);
INSERT INTO Habilitacoes_entidade(profissao,habilitacoes,local_trabalho,Entidade_bi) VALUES ('Doméstica ','exame da 4º classe ','Moreira ',1770938);
INSERT INTO Processo (num_processo,ano,camara,data_envio,num_passaporte) VALUES ('165/63',1963,'França ','1963-05-25','12127/63');
INSERT INTO Processo_Entidade(Entidade_bi,Processo_num_processo) VALUES (926350,'165/63');
INSERT INTO Destino_Entidade(pais,cidade,data_prevista_saida,profissao_futura,local,Entidade_bi) VALUES ('França ','null','logo que obtenha autorizacão e passaporte ','pintor da contrução cívil ','Tem trabalho garantido na Entreprise Guillot e autorização de residência, em França. ',926350);
INSERT INTO Habilitacoes_entidade(profissao,habilitacoes,local_trabalho,Entidade_bi) VALUES ('Pintor da Construção Cívil ','exame de 3ª classe do ensino primário ','França ',926350);
INSERT INTO Processo (num_processo,ano,camara,data_envio,num_passaporte) VALUES ('166/63',1962,'Várias freguesias do Concelho de Fafe ','1963-05-17','11855/63');
INSERT INTO Processo_Entidade(Entidade_bi,Processo_num_processo) VALUES (782998,'166/63');
INSERT INTO Destino_Entidade(pais,cidade,data_prevista_saida,profissao_futura,local,Entidade_bi) VALUES ('França ','null','logo que obtenha autorizacão e passaporte ','Pedreiro ','Hernandez François ',782998);
INSERT INTO Habilitacoes_entidade(profissao,habilitacoes,local_trabalho,Entidade_bi) VALUES ('Pedreiro ','exame da 4ª classe da instrução primária ','Várias freguesias do Concelho de Fafe ',782998);
INSERT INTO Processo (num_processo,ano,camara,data_envio,num_passaporte) VALUES ('167/63',1963,'Fafe ','1963-05-27','11678/63');
INSERT INTO Processo_Entidade(Entidade_bi,Processo_num_processo) VALUES (2833540,'167/63');
INSERT INTO Destino_Entidade(pais,cidade,data_prevista_saida,profissao_futura,local,Entidade_bi) VALUES ('França ','null','logo que obtenha autorizacão e passaporte ','Pedreiro ','Societé Auxiliaire d. Entreprises ',2833540);
INSERT INTO Habilitacoes_entidade(profissao,habilitacoes,local_trabalho,Entidade_bi) VALUES ('Pedreiro ','exame de 3ª classe do ensino primário ','Fafe ',2833540);
INSERT INTO Processo (num_processo,ano,camara,data_envio,num_passaporte) VALUES ('168/63',1963,'vilacova ','1963-05-27','11722/63');
INSERT INTO Processo_Entidade(Entidade_bi,Processo_num_processo) VALUES (2840847,'168/63');
INSERT INTO Destino_Entidade(pais,cidade,data_prevista_saida,profissao_futura,local,Entidade_bi) VALUES ('França ','null','logo que obtenha autorizacão e passaporte ','trabalhor agrícola ','M. Peyrot Marcel ',2840847);
INSERT INTO Habilitacoes_entidade(profissao,habilitacoes,local_trabalho,Entidade_bi) VALUES ('Trabalhador agrícola ','exame da 4ª classe ','vilacova ',2840847);
INSERT INTO Processo (num_processo,ano,camara,data_envio,num_passaporte) VALUES ('170/63',1963,'Fornelos ','1963-05-30','12122/63');
INSERT INTO Processo_Entidade(Entidade_bi,Processo_num_processo) VALUES (2836484,'170/63');
INSERT INTO Destino_Entidade(pais,cidade,data_prevista_saida,profissao_futura,local,Entidade_bi) VALUES ('França ','null','logo que obtenha autorizacão e passaporte ','servente ','Fonderies de Sens ',2836484);
INSERT INTO Habilitacoes_entidade(profissao,habilitacoes,local_trabalho,Entidade_bi) VALUES ('Trabalhador agrícola ','exame da 4ª classe do ensino primário ','Fornelos ',2836484);
INSERT INTO Processo (num_processo,ano,camara,data_envio,num_passaporte) VALUES ('171/63',1963,'Lisboa ','1963-06-01','12145/63');
INSERT INTO Processo_Entidade(Entidade_bi,Processo_num_processo) VALUES (2678967,'171/63');
INSERT INTO Destino_Entidade(pais,cidade,data_prevista_saida,profissao_futura,local,Entidade_bi) VALUES ('França ','null','logo que obtenha autorizacão e passaporte ','pedreiro ','Entreprise Generale de Bâtiment Lafeuillade Large ( Cerreze) ',2678967);
INSERT INTO Habilitacoes_entidade(profissao,habilitacoes,local_trabalho,Entidade_bi) VALUES ('Pedreiro ','Exame da 3º classe ','Lisboa ',2678967);
INSERT INTO Processo (num_processo,ano,camara,data_envio,num_passaporte) VALUES ('172/63',1963,'França ','1963-06-01','12839/63');
INSERT INTO Processo_Entidade(Entidade_bi,Processo_num_processo) VALUES (1984102,'172/63');
INSERT INTO Destino_Entidade(pais,cidade,data_prevista_saida,profissao_futura,local,Entidade_bi) VALUES ('França ','null','logo que obtenha autorizacão e passaporte ','servente de construção cívil ','Entreprise Générale Eatiment Travaux Publics, Tulie ',1984102);
INSERT INTO Habilitacoes_entidade(profissao,habilitacoes,local_trabalho,Entidade_bi) VALUES ('trabalhador agrícola,servente de construção cívil ','sabe ler e escrever ','França ',1984102);
INSERT INTO Processo (num_processo,ano,camara,data_envio,num_passaporte) VALUES ('173/63',1962,'Freitas ','1963-06-04','12132/63');
INSERT INTO Processo_Entidade(Entidade_bi,Processo_num_processo) VALUES (1977925,'173/63');
INSERT INTO Destino_Entidade(pais,cidade,data_prevista_saida,profissao_futura,local,Entidade_bi) VALUES ('E. U. Brasil ','S. Paulo ','logo que obtenha autorizacão e passaporte ','estabelecimento do pai ','null',1977925);
INSERT INTO Habilitacoes_entidade(profissao,habilitacoes,local_trabalho,Entidade_bi) VALUES ('Trabalhador agrícola ','exame da 4ª classe ','Freitas ',1977925);
INSERT INTO Processo (num_processo,ano,camara,data_envio,num_passaporte) VALUES ('174/63',1962,'Freitas ','1963-06-04','12113/63');
INSERT INTO Processo_Entidade(Entidade_bi,Processo_num_processo) VALUES (1977926,'174/63');
INSERT INTO Destino_Entidade(pais,cidade,data_prevista_saida,profissao_futura,local,Entidade_bi) VALUES ('E. U. Brasil ','S. Paulo ','logo que obtenha autorizacão e passaporte ','no estabelicimento do seu irmão ','null',1977926);
INSERT INTO Habilitacoes_entidade(profissao,habilitacoes,local_trabalho,Entidade_bi) VALUES ('Trabalhador agrícola ','Sabe ler e escrever correntemente ','Freitas ',1977926);
INSERT INTO Processo (num_processo,ano,camara,data_envio,num_passaporte) VALUES ('175/63',1963,'Ardegão ','1963-06-04','12542/63');
INSERT INTO Processo_Entidade(Entidade_bi,Processo_num_processo) VALUES (1929398,'175/63');
INSERT INTO Destino_Entidade(pais,cidade,data_prevista_saida,profissao_futura,local,Entidade_bi) VALUES ('França ','null','logo que obtenha autorizacão e passaporte ','trablhos agrícolas ','Monsieur Argentier Gabriel ',1929398);
INSERT INTO Habilitacoes_entidade(profissao,habilitacoes,local_trabalho,Entidade_bi) VALUES ('Trabalhador agrícola ','exame da 4ª classe ','Ardegão ',1929398);
INSERT INTO Processo (num_processo,ano,camara,data_envio,num_passaporte) VALUES ('176/63',1963,'null','1963-06-06','12241/63');
INSERT INTO Processo_Entidade(Entidade_bi,Processo_num_processo) VALUES (2857056,'176/63');
INSERT INTO Destino_Entidade(pais,cidade,data_prevista_saida,profissao_futura,local,Entidade_bi) VALUES ('E. U. Brasil ','S. Paulo ','logo que obtenha autorizacão e passaporte ','null','null',2857056);
INSERT INTO Habilitacoes_entidade(profissao,habilitacoes,local_trabalho,Entidade_bi) VALUES ('null','exam de 3ª classe e frequenta a 4ª classe ','null',2857056);
INSERT INTO Processo (num_processo,ano,camara,data_envio,num_passaporte) VALUES ('177/63',1963,'Gontim ','1963-06-06','14131/63');
INSERT INTO Processo_Entidade(Entidade_bi,Processo_num_processo) VALUES (2841171,'177/63');
INSERT INTO Destino_Entidade(pais,cidade,data_prevista_saida,profissao_futura,local,Entidade_bi) VALUES ('França ','null','logo que obtenha autorizacão e passaporte ','servente ','S.A.G. Pellicicli Cie ',2841171);
INSERT INTO Habilitacoes_entidade(profissao,habilitacoes,local_trabalho,Entidade_bi) VALUES ('Servente ','exame da 4ª classe ','Gontim ',2841171);
INSERT INTO Processo (num_processo,ano,camara,data_envio,num_passaporte) VALUES ('178/63',1963,'null','1963-06-06','12631/63');
INSERT INTO Processo_Entidade(Entidade_bi,Processo_num_processo) VALUES (947026,'178/63');
INSERT INTO Destino_Entidade(pais,cidade,data_prevista_saida,profissao_futura,local,Entidade_bi) VALUES ('E. U. Brasil ','Rio de Janeiro ','dentro de alguns meses ','null','null',947026);
INSERT INTO Habilitacoes_entidade(profissao,habilitacoes,local_trabalho,Entidade_bi) VALUES ('comerciante ','sabe ler e escrever ','null',947026);
INSERT INTO Processo (num_processo,ano,camara,data_envio,num_passaporte) VALUES ('181/63',1963,'Paris França ','1963-06-07','12552/63');
INSERT INTO Processo_Entidade(Entidade_bi,Processo_num_processo) VALUES (1716572,'181/63');
INSERT INTO Destino_Entidade(pais,cidade,data_prevista_saida,profissao_futura,local,Entidade_bi) VALUES ('França ','null','logo que obtenha autorizacão e passaporte ','pintor ','Entreprise Générale de Pinture ',1716572);
INSERT INTO Habilitacoes_entidade(profissao,habilitacoes,local_trabalho,Entidade_bi) VALUES ('Pintor da Construção Cívil ','exame de 2º grau da instrução primária ','Paris França ',1716572);
INSERT INTO Processo (num_processo,ano,camara,data_envio,num_passaporte) VALUES ('182/63',1963,'Varzeacova ','1963-06-11','12965/63');
INSERT INTO Processo_Entidade(Entidade_bi,Processo_num_processo) VALUES (2841164,'182/63');
INSERT INTO Destino_Entidade(pais,cidade,data_prevista_saida,profissao_futura,local,Entidade_bi) VALUES ('E. U. Brasil ','S. Paulo ','logo que obtenha autorizacão e passaporte ','null','null',2841164);
INSERT INTO Habilitacoes_entidade(profissao,habilitacoes,local_trabalho,Entidade_bi) VALUES ('Trabalhador agrícola ','exame da 3º classe do ensino primário ','Varzeacova ',2841164);
INSERT INTO Processo (num_processo,ano,camara,data_envio,num_passaporte) VALUES ('184/63',1963,'Nanterre (Seine) França ','1963-06-12','12844/63');
INSERT INTO Processo_Entidade(Entidade_bi,Processo_num_processo) VALUES (714349,'184/63');
INSERT INTO Destino_Entidade(pais,cidade,data_prevista_saida,profissao_futura,local,Entidade_bi) VALUES ('França ','null','logo que obtenha autorizacão e passaporte ','operário de fábrica ','Papeterie de la Seine ',714349);
INSERT INTO Habilitacoes_entidade(profissao,habilitacoes,local_trabalho,Entidade_bi) VALUES ('trabalhor de fábrica de papel ','exame da 4ª classe da instrução primária ','Nanterre (Seine) França ',714349);
INSERT INTO Processo (num_processo,ano,camara,data_envio,num_passaporte) VALUES ('185/63',1963,'Moreira ','1963-06-17','12955/63');
INSERT INTO Processo_Entidade(Entidade_bi,Processo_num_processo) VALUES (2716680,'185/63');
INSERT INTO Destino_Entidade(pais,cidade,data_prevista_saida,profissao_futura,local,Entidade_bi) VALUES ('França ','null','logo que obtenha autorizacão e passaporte ','Cimenteiro ','Société Industrielle de Travaux ',2716680);
INSERT INTO Habilitacoes_entidade(profissao,habilitacoes,local_trabalho,Entidade_bi) VALUES ('Trabalhos da construção civil ','exame de 2ª grau da instrução primária ','Moreira ',2716680);
INSERT INTO Processo (num_processo,ano,camara,data_envio,num_passaporte) VALUES ('186/63',1963,'Lyon França ','1963-06-17','12973/63');
INSERT INTO Processo_Entidade(Entidade_bi,Processo_num_processo) VALUES (1879229,'186/63');
INSERT INTO Destino_Entidade(pais,cidade,data_prevista_saida,profissao_futura,local,Entidade_bi) VALUES ('França ','null','logo que obtenha autorizacão e passaporte ','null','Tem trabalho assegurado e autorização em França ',1879229);
INSERT INTO Habilitacoes_entidade(profissao,habilitacoes,local_trabalho,Entidade_bi) VALUES ('Pedreiro ','Exame da 3º classe ','Lyon França ',1879229);
INSERT INTO Processo (num_processo,ano,camara,data_envio,num_passaporte) VALUES ('188/63',1963,'Silvares S. Martinho ','1963-06-19','13214/63');
INSERT INTO Processo_Entidade(Entidade_bi,Processo_num_processo) VALUES (2868854,'188/63');
INSERT INTO Destino_Entidade(pais,cidade,data_prevista_saida,profissao_futura,local,Entidade_bi) VALUES ('França ','null','logo que obtenha autorizacão e passaporte ','servente ','Bordeix Paul ',2868854);
INSERT INTO Habilitacoes_entidade(profissao,habilitacoes,local_trabalho,Entidade_bi) VALUES ('Trabalhador rural ','exam de 2º grau da instrução primária ','Silvares S. Martinho ',2868854);
INSERT INTO Processo (num_processo,ano,camara,data_envio,num_passaporte) VALUES ('189/63',1963,'Travassós ','1963-06-19','13334/63');
INSERT INTO Processo_Entidade(Entidade_bi,Processo_num_processo) VALUES (2833548,'189/63');
INSERT INTO Destino_Entidade(pais,cidade,data_prevista_saida,profissao_futura,local,Entidade_bi) VALUES ('França ','null','logo que obtenha autorizacão e passaporte ','ajudante de lenhador ','Ent, Grangette et Passager ',2833548);
INSERT INTO Habilitacoes_entidade(profissao,habilitacoes,local_trabalho,Entidade_bi) VALUES ('trabalhador ajudante de carpinteiro ','examde de 4ª Classe ','Travassós ',2833548);
INSERT INTO Processo (num_processo,ano,camara,data_envio,num_passaporte) VALUES ('190/63',1963,'Estorãos ','1963-06-19','13051/63');
INSERT INTO Processo_Entidade(Entidade_bi,Processo_num_processo) VALUES (1783587,'190/63');
INSERT INTO Destino_Entidade(pais,cidade,data_prevista_saida,profissao_futura,local,Entidade_bi) VALUES ('E. U. Brasil ','S. Paulo ','logo que obtenha autorizacão e passaporte ','null','null',1783587);
INSERT INTO Habilitacoes_entidade(profissao,habilitacoes,local_trabalho,Entidade_bi) VALUES ('Doméstica ','Exame da 3º classe ','Estorãos ',1783587);
INSERT INTO Processo (num_processo,ano,camara,data_envio,num_passaporte) VALUES ('191/63',1963,'Travassós ','1963-06-20','null');
INSERT INTO Processo_Entidade(Entidade_bi,Processo_num_processo) VALUES (2833543,'191/63');
INSERT INTO Destino_Entidade(pais,cidade,data_prevista_saida,profissao_futura,local,Entidade_bi) VALUES ('França ','null','logo que obtenha autorizacão e passaporte ','serviçal ','Tardivon (Garage St. Cristophe) Molphei ( Coté d or) ',2833543);
INSERT INTO Habilitacoes_entidade(profissao,habilitacoes,local_trabalho,Entidade_bi) VALUES ('Doméstica ','exame de 3ª classe do Ensino primário Elementar ','Travassós ',2833543);
INSERT INTO Processo (num_processo,ano,camara,data_envio,num_passaporte) VALUES ('192/63',1963,'Fafe ','1963-06-21','13310/63');
INSERT INTO Processo_Entidade(Entidade_bi,Processo_num_processo) VALUES (2764675,'192/63');
INSERT INTO Destino_Entidade(pais,cidade,data_prevista_saida,profissao_futura,local,Entidade_bi) VALUES ('França ','null','logo que obtenha autorizacão e passaporte ','Pedreiro ','Hernandez François ',2764675);
INSERT INTO Habilitacoes_entidade(profissao,habilitacoes,local_trabalho,Entidade_bi) VALUES ('Pedreiro ','exame da 3ª classe de instrução primária ','Fafe ',2764675);
INSERT INTO Processo (num_processo,ano,camara,data_envio,num_passaporte) VALUES ('194/63',1963,'Queimadela ','1963-06-22','13484/63');
INSERT INTO Processo_Entidade(Entidade_bi,Processo_num_processo) VALUES (2849934,'194/63');
INSERT INTO Destino_Entidade(pais,cidade,data_prevista_saida,profissao_futura,local,Entidade_bi) VALUES ('França ','null','logo que obtenha autorizacão e passaporte ','cofrador ','Ent. Chamron ',2849934);
INSERT INTO Habilitacoes_entidade(profissao,habilitacoes,local_trabalho,Entidade_bi) VALUES ('carpinteiro ','exame da 3º classe do ensino primário ','Queimadela ',2849934);
INSERT INTO Processo (num_processo,ano,camara,data_envio,num_passaporte) VALUES ('195/63',1963,'Ribeiros ','1963-06-25','13776/63');
INSERT INTO Processo_Entidade(Entidade_bi,Processo_num_processo) VALUES (2717854,'195/63');
INSERT INTO Destino_Entidade(pais,cidade,data_prevista_saida,profissao_futura,local,Entidade_bi) VALUES ('França ','null','logo que obtenha autorizacão e passaporte ','Pedreiro ','Pierre Cotet ',2717854);
INSERT INTO Habilitacoes_entidade(profissao,habilitacoes,local_trabalho,Entidade_bi) VALUES ('Pedreiro ','exame da 4ª classe ','Ribeiros ',2717854);
INSERT INTO Processo (num_processo,ano,camara,data_envio,num_passaporte) VALUES ('196/63',1963,'Golães ','1963-06-27','14028/63');
INSERT INTO Processo_Entidade(Entidade_bi,Processo_num_processo) VALUES (944665,'196/63');
INSERT INTO Destino_Entidade(pais,cidade,data_prevista_saida,profissao_futura,local,Entidade_bi) VALUES ('França ','null','logo que obtenha autorizacão e passaporte ','Pedreiro ','Entreprise Metivier ',944665);
INSERT INTO Habilitacoes_entidade(profissao,habilitacoes,local_trabalho,Entidade_bi) VALUES ('Pedreiro ','exame de 3ª classe ','Golães ',944665);
INSERT INTO Processo (num_processo,ano,camara,data_envio,num_passaporte) VALUES ('197/63',1963,'Arões, Fafe ','1963-06-27','13883/63');
INSERT INTO Processo_Entidade(Entidade_bi,Processo_num_processo) VALUES (2849929,'197/63');
INSERT INTO Destino_Entidade(pais,cidade,data_prevista_saida,profissao_futura,local,Entidade_bi) VALUES ('França ','null','logo que obtenha autorizacão e passaporte ','forneiro ','Societé Nouvelle des Eriqueteries du Nord ',2849929);
INSERT INTO Habilitacoes_entidade(profissao,habilitacoes,local_trabalho,Entidade_bi) VALUES ('Trabalhador rural ','analfabeto ','Arões, Fafe ',2849929);
INSERT INTO Processo (num_processo,ano,camara,data_envio,num_passaporte) VALUES ('198/63',1963,'Fafe ','1963-06-27','14160/63');
INSERT INTO Processo_Entidade(Entidade_bi,Processo_num_processo) VALUES (926886,'198/63');
INSERT INTO Destino_Entidade(pais,cidade,data_prevista_saida,profissao_futura,local,Entidade_bi) VALUES ('França ','null','logo que obtenha autorizacão e passaporte ','forneiro ','Nouvelle des Biqueteries du Nord ',926886);
INSERT INTO Habilitacoes_entidade(profissao,habilitacoes,local_trabalho,Entidade_bi) VALUES ('Trabalhador rural ','Exame da 3º classe ','Fafe ',926886);
INSERT INTO Processo (num_processo,ano,camara,data_envio,num_passaporte) VALUES ('199/63',1963,'Serafão ','1963-06-27','14110/63');
INSERT INTO Processo_Entidade(Entidade_bi,Processo_num_processo) VALUES (2711715,'199/63');
INSERT INTO Destino_Entidade(pais,cidade,data_prevista_saida,profissao_futura,local,Entidade_bi) VALUES ('França ','null','logo que obtenha autorizacão e passaporte ','Pedreiro ','Entreprise Pouquet Pere & fils Tulle (Correze) ',2711715);
INSERT INTO Habilitacoes_entidade(profissao,habilitacoes,local_trabalho,Entidade_bi) VALUES ('Pedreiro ','exame de 3ª classe do ensino primário ','Serafão ',2711715);
INSERT INTO Processo (num_processo,ano,camara,data_envio,num_passaporte) VALUES ('200/63',1963,'Arões ','1963-06-27','13997/63');
INSERT INTO Processo_Entidade(Entidade_bi,Processo_num_processo) VALUES (2864160,'200/63');
INSERT INTO Destino_Entidade(pais,cidade,data_prevista_saida,profissao_futura,local,Entidade_bi) VALUES ('França ','null','logo que obtenha autorizacão e passaporte ','Pedreiro ','Enreprises Metivier ',2864160);
INSERT INTO Habilitacoes_entidade(profissao,habilitacoes,local_trabalho,Entidade_bi) VALUES ('Pedreiro ','Exame de do ensino primário elementar ','Arões ',2864160);
INSERT INTO Processo (num_processo,ano,camara,data_envio,num_passaporte) VALUES ('203/63',1963,'Travassós ','1963-06-27','13888/63');
INSERT INTO Processo_Entidade(Entidade_bi,Processo_num_processo) VALUES (1734260,'203/63');
INSERT INTO Destino_Entidade(pais,cidade,data_prevista_saida,profissao_futura,local,Entidade_bi) VALUES ('França ','null','logo que obtenha autorizacão e passaporte ','servente ','Entreprise Moinon ',1734260);
INSERT INTO Habilitacoes_entidade(profissao,habilitacoes,local_trabalho,Entidade_bi) VALUES ('Trabalhador rural ','Sabe ler e escrever correntemente ','Travassós ',1734260);
INSERT INTO Processo (num_processo,ano,camara,data_envio,num_passaporte) VALUES ('204/63',1963,'Queimadela ','1963-06-29','13668/63');
INSERT INTO Processo_Entidade(Entidade_bi,Processo_num_processo) VALUES (2852590,'204/63');
INSERT INTO Destino_Entidade(pais,cidade,data_prevista_saida,profissao_futura,local,Entidade_bi) VALUES ('E. U. Brasil ','S. Paulo ','logo que obtenha autorizacão e passaporte ','null','null',2852590);
INSERT INTO Habilitacoes_entidade(profissao,habilitacoes,local_trabalho,Entidade_bi) VALUES ('Doméstica ','analfabeta ','Queimadela ',2852590);
INSERT INTO Processo (num_processo,ano,camara,data_envio,num_passaporte) VALUES ('205/63',1963,'Ribeiros ','1963-06-29','16315/63');
INSERT INTO Processo_Entidade(Entidade_bi,Processo_num_processo) VALUES (2849928,'205/63');
INSERT INTO Destino_Entidade(pais,cidade,data_prevista_saida,profissao_futura,local,Entidade_bi) VALUES ('França ','null','logo que obtenha autorizacão e passaporte ','trabalhador agrícola ','Pierre Jack ',2849928);
INSERT INTO Habilitacoes_entidade(profissao,habilitacoes,local_trabalho,Entidade_bi) VALUES ('Trabalhador agrícola ','sabe ler e escrever ','Ribeiros ',2849928);
INSERT INTO Processo (num_processo,ano,camara,data_envio,num_passaporte) VALUES ('206/63',1963,'Fafe ','1963-06-29','14018/63');
INSERT INTO Processo_Entidade(Entidade_bi,Processo_num_processo) VALUES (937634,'206/63');
INSERT INTO Destino_Entidade(pais,cidade,data_prevista_saida,profissao_futura,local,Entidade_bi) VALUES ('França ','null','logo que obtenha autorizacão e passaporte ','Carpinteiro ','Monsieur A. Peller & Cie ',937634);
INSERT INTO Habilitacoes_entidade(profissao,habilitacoes,local_trabalho,Entidade_bi) VALUES ('Carpinteiro ','Sabe ler e escrever correntemente ','Fafe ',937634);
INSERT INTO Processo (num_processo,ano,camara,data_envio,num_passaporte) VALUES ('207/63',1963,'Moreira ','1963-06-27','14197/63');
INSERT INTO Processo_Entidade(Entidade_bi,Processo_num_processo) VALUES (1894253,'207/63');
INSERT INTO Destino_Entidade(pais,cidade,data_prevista_saida,profissao_futura,local,Entidade_bi) VALUES ('França ','null','logo que obtenha autorizacão e passaporte ','Pedreiro ','Pierre Cotet ',1894253);
INSERT INTO Habilitacoes_entidade(profissao,habilitacoes,local_trabalho,Entidade_bi) VALUES ('Pedreiro ','Exame da 3º classe ','Moreira ',1894253);
INSERT INTO Processo (num_processo,ano,camara,data_envio,num_passaporte) VALUES ('208/63',1963,'Arões ','1963-07-06','14512/63');
INSERT INTO Processo_Entidade(Entidade_bi,Processo_num_processo) VALUES (749776,'208/63');
INSERT INTO Destino_Entidade(pais,cidade,data_prevista_saida,profissao_futura,local,Entidade_bi) VALUES ('França ','null','logo que obtenha autorizacão e passaporte ','Carpinteiro cofrador ','Entreprise Thinet ',749776);
INSERT INTO Habilitacoes_entidade(profissao,habilitacoes,local_trabalho,Entidade_bi) VALUES ('Carpinteiro ','Sabe ler e escrever correntemente ','Arões ',749776);
INSERT INTO Processo (num_processo,ano,camara,data_envio,num_passaporte) VALUES ('209/63',1963,'S.Gens ','1963-07-08','15549/63');
INSERT INTO Processo_Entidade(Entidade_bi,Processo_num_processo) VALUES (2706466,'209/63');
INSERT INTO Destino_Entidade(pais,cidade,data_prevista_saida,profissao_futura,local,Entidade_bi) VALUES ('França ','null','logo que obtenha autorizacão e passaporte ','cabouqueiro ','Entreprise Alberto Vaglio ',2706466);
INSERT INTO Habilitacoes_entidade(profissao,habilitacoes,local_trabalho,Entidade_bi) VALUES ('jornaleiro ','exame de 3ª classe do ensino primário ','S.Gens ',2706466);
INSERT INTO Processo (num_processo,ano,camara,data_envio,num_passaporte) VALUES ('210/63',1963,'Moreira ','1963-07-08','14521/63');
INSERT INTO Processo_Entidade(Entidade_bi,Processo_num_processo) VALUES (1759909,'210/63');
INSERT INTO Destino_Entidade(pais,cidade,data_prevista_saida,profissao_futura,local,Entidade_bi) VALUES ('E. U. Brasil ','S. Paulo ','logo que obtenha autorizacão e passaporte ','null','José Araújo Henriques ',1759909);
INSERT INTO Habilitacoes_entidade(profissao,habilitacoes,local_trabalho,Entidade_bi) VALUES ('Trabalhador agrícola ','exame de 4ª classe ','Moreira ',1759909);
INSERT INTO Processo (num_processo,ano,camara,data_envio,num_passaporte) VALUES ('211/63',1963,'Queimadela ','1963-07-08','14371/63');
INSERT INTO Processo_Entidade(Entidade_bi,Processo_num_processo) VALUES (2688613,'211/63');
INSERT INTO Destino_Entidade(pais,cidade,data_prevista_saida,profissao_futura,local,Entidade_bi) VALUES ('E. U. Brasil ','S. Paulo ','logo que obtenha autorizacão e passaporte ','null','null',2688613);
INSERT INTO Habilitacoes_entidade(profissao,habilitacoes,local_trabalho,Entidade_bi) VALUES ('Trabalhador agrícola ','exame de 2ª grau ','Queimadela ',2688613);
INSERT INTO Processo (num_processo,ano,camara,data_envio,num_passaporte) VALUES ('212/63',1963,'Passos ','1963-07-08','15084/63');
INSERT INTO Processo_Entidade(Entidade_bi,Processo_num_processo) VALUES (765731,'212/63');
INSERT INTO Destino_Entidade(pais,cidade,data_prevista_saida,profissao_futura,local,Entidade_bi) VALUES ('França ','null','logo que obtenha autorizacão e passaporte ','Carpinteiro cofrador ','Artur Martins ',765731);
INSERT INTO Habilitacoes_entidade(profissao,habilitacoes,local_trabalho,Entidade_bi) VALUES ('carpinteiro ','exame de 2ª grau da instrução primária ','Passos ',765731);
INSERT INTO Processo (num_processo,ano,camara,data_envio,num_passaporte) VALUES ('221/63',1963,'Moreira ','1963-07-13','16701/63');
INSERT INTO Processo_Entidade(Entidade_bi,Processo_num_processo) VALUES (2728986,'221/63');
INSERT INTO Destino_Entidade(pais,cidade,data_prevista_saida,profissao_futura,local,Entidade_bi) VALUES ('França ','null','logo que obtenha autorizacão e passaporte ','serviçal, de serviços domésticos ','Daniel Maurice ',2728986);
INSERT INTO Habilitacoes_entidade(profissao,habilitacoes,local_trabalho,Entidade_bi) VALUES ('Doméstica ','Exame da 3º classe ','Moreira ',2728986);
INSERT INTO Processo (num_processo,ano,camara,data_envio,num_passaporte) VALUES ('231/63',1963,'Monte ','1963-07-18','15697/63');
INSERT INTO Processo_Entidade(Entidade_bi,Processo_num_processo) VALUES (2821026,'231/63');
INSERT INTO Destino_Entidade(pais,cidade,data_prevista_saida,profissao_futura,local,Entidade_bi) VALUES ('França ','null','logo que obtenha autorizacão e passaporte ','Carpinteiro ','Compagnie Parisienne D, Entreprises ',2821026);
INSERT INTO Habilitacoes_entidade(profissao,habilitacoes,local_trabalho,Entidade_bi) VALUES ('Carpinteiro ','Exame da 3º classe ','Monte ',2821026);
INSERT INTO Processo (num_processo,ano,camara,data_envio,num_passaporte) VALUES ('217/63',1963,'Fafe ','1963-07-13','15146/63');
INSERT INTO Processo_Entidade(Entidade_bi,Processo_num_processo) VALUES (757690,'217/63');
INSERT INTO Destino_Entidade(pais,cidade,data_prevista_saida,profissao_futura,local,Entidade_bi) VALUES ('França ','null','logo que obtenha autorizacão e passaporte ','Pedreiro ','Entreprise Margaritat ',757690);
INSERT INTO Habilitacoes_entidade(profissao,habilitacoes,local_trabalho,Entidade_bi) VALUES ('Pedreiro ','exame de 2º grau da instrução primária ','Fafe ',757690);
INSERT INTO Processo (num_processo,ano,camara,data_envio,num_passaporte) VALUES ('216/63',1963,'Queimadela ','1963-07-10','14519/63');
INSERT INTO Processo_Entidade(Entidade_bi,Processo_num_processo) VALUES (998467,'216/63');
INSERT INTO Destino_Entidade(pais,cidade,data_prevista_saida,profissao_futura,local,Entidade_bi) VALUES ('E. U. Brasil ','S. Paulo ','o mais rápido possível ','null','null',998467);
INSERT INTO Habilitacoes_entidade(profissao,habilitacoes,local_trabalho,Entidade_bi) VALUES ('Trabalhador agrícola ','Exame de 2ª classe do ensino primário ','Queimadela ',998467);
INSERT INTO Processo (num_processo,ano,camara,data_envio,num_passaporte) VALUES ('243/63',1963,'Serafão ','1963-07-26','16397/63');
INSERT INTO Processo_Entidade(Entidade_bi,Processo_num_processo) VALUES (2888060,'243/63');
INSERT INTO Destino_Entidade(pais,cidade,data_prevista_saida,profissao_futura,local,Entidade_bi) VALUES ('França ','null','logo que obtenha autorizacão e passaporte ','Pedreiro ','Ent. Pouquet Pere & Fils ',2888060);
INSERT INTO Habilitacoes_entidade(profissao,habilitacoes,local_trabalho,Entidade_bi) VALUES ('Pedreiro ','exame de 4ª classe da instrução primária ','Serafão ',2888060);
INSERT INTO Processo (num_processo,ano,camara,data_envio,num_passaporte) VALUES ('278/63',1963,'Fafe ','1963-08-19','18567/63');
INSERT INTO Processo_Entidade(Entidade_bi,Processo_num_processo) VALUES (760391,'278/63');
INSERT INTO Destino_Entidade(pais,cidade,data_prevista_saida,profissao_futura,local,Entidade_bi) VALUES ('França ','null','logo que obtenha autorizacão e passaporte ','Pedreiro cimenteiro ','Societé Moderne De Grands Travaux ',760391);
INSERT INTO Habilitacoes_entidade(profissao,habilitacoes,local_trabalho,Entidade_bi) VALUES ('Pedreiro ','exame da 4ª classe ','Fafe ',760391);
INSERT INTO Processo (num_processo,ano,camara,data_envio,num_passaporte) VALUES ('288/63',1963,'Golães ','1963-08-30','19100/63');
INSERT INTO Processo_Entidade(Entidade_bi,Processo_num_processo) VALUES (748687,'288/63');
INSERT INTO Destino_Entidade(pais,cidade,data_prevista_saida,profissao_futura,local,Entidade_bi) VALUES ('França ','null','logo que obtenha autorizacão e passaporte ','Pedreiro ','A et M. Brezellion ',748687);
INSERT INTO Habilitacoes_entidade(profissao,habilitacoes,local_trabalho,Entidade_bi) VALUES ('Pedreiro ','exame da 4ª classe ','Golães ',748687);
INSERT INTO Processo (num_processo,ano,camara,data_envio,num_passaporte) VALUES ('367/63',1963,'Serafão ','1963-10-10','23146/63');
INSERT INTO Processo_Entidade(Entidade_bi,Processo_num_processo) VALUES (1818379,'367/63');
INSERT INTO Destino_Entidade(pais,cidade,data_prevista_saida,profissao_futura,local,Entidade_bi) VALUES ('França ','null','logo que obtenha autorizacão e passaporte ','Pedreiro ','Entreprise Tabard Bussiere ',1818379);
INSERT INTO Habilitacoes_entidade(profissao,habilitacoes,local_trabalho,Entidade_bi) VALUES ('Pedreiro ','sabe ler e escrever ','Serafão ',1818379);
INSERT INTO Processo (num_processo,ano,camara,data_envio,num_passaporte) VALUES ('391/63',1963,'Arões S. Romão ','1963-10-30','24615/63');
INSERT INTO Processo_Entidade(Entidade_bi,Processo_num_processo) VALUES (2744791,'391/63');
INSERT INTO Destino_Entidade(pais,cidade,data_prevista_saida,profissao_futura,local,Entidade_bi) VALUES ('França ','null','logo que obtenha autorizacão e passaporte ','cofrador ','Societe Moderne de Grands Travaux ',2744791);
INSERT INTO Habilitacoes_entidade(profissao,habilitacoes,local_trabalho,Entidade_bi) VALUES ('Carpinteiro da Construção civil ','Exame da 3º classe ','Arões S. Romão ',2744791);
INSERT INTO Processo (num_processo,ano,camara,data_envio,num_passaporte) VALUES ('252/63',1963,'Travassós ','1963-08-02','17208/63');
INSERT INTO Processo_Entidade(Entidade_bi,Processo_num_processo) VALUES (2887092,'252/63');
INSERT INTO Destino_Entidade(pais,cidade,data_prevista_saida,profissao_futura,local,Entidade_bi) VALUES ('França ','null','logo que obtenha autorizacão e passaporte ','Carpinteiro cofrador ','Societé Modernes de Grands Travaux ',2887092);
INSERT INTO Habilitacoes_entidade(profissao,habilitacoes,local_trabalho,Entidade_bi) VALUES ('carpinteiro ','Exame da 3º classe ','Travassós ',2887092);
INSERT INTO Processo (num_processo,ano,camara,data_envio,num_passaporte) VALUES ('225/63',1963,'Golães ','1963-07-16','15497/63');
INSERT INTO Processo_Entidade(Entidade_bi,Processo_num_processo) VALUES (2878553,'225/63');
INSERT INTO Destino_Entidade(pais,cidade,data_prevista_saida,profissao_futura,local,Entidade_bi) VALUES ('França ','null','logo que obtenha autorizacão e passaporte ','Pedreiro ','Viriz Robert ',2878553);
INSERT INTO Habilitacoes_entidade(profissao,habilitacoes,local_trabalho,Entidade_bi) VALUES ('Pedreiro ','exame da 3ª classe do ensino primário ','Golães ',2878553);
INSERT INTO Processo (num_processo,ano,camara,data_envio,num_passaporte) VALUES ('226/63',1963,'Golães ','1963-07-16','15525/63');
INSERT INTO Processo_Entidade(Entidade_bi,Processo_num_processo) VALUES (2880610,'226/63');
INSERT INTO Destino_Entidade(pais,cidade,data_prevista_saida,profissao_futura,local,Entidade_bi) VALUES ('França ','null','no mais curto prazo ','Pedreiro ','Viriz Robert ',2880610);
INSERT INTO Habilitacoes_entidade(profissao,habilitacoes,local_trabalho,Entidade_bi) VALUES ('Pedreiro ','exame da 4ª classe ','Golães ',2880610);
INSERT INTO Processo (num_processo,ano,camara,data_envio,num_passaporte) VALUES ('220/63',1963,'Golães ','1963-07-13','15034/63');
INSERT INTO Processo_Entidade(Entidade_bi,Processo_num_processo) VALUES (2857058,'220/63');
INSERT INTO Destino_Entidade(pais,cidade,data_prevista_saida,profissao_futura,local,Entidade_bi) VALUES ('França ','null','logo que obtenha autorizacão e passaporte ','mineiro ','Entreprise Magny ',2857058);
INSERT INTO Habilitacoes_entidade(profissao,habilitacoes,local_trabalho,Entidade_bi) VALUES ('trabalhador rural ','exame da 4ª classe da instrução primária ','Golães ',2857058);
INSERT INTO Processo (num_processo,ano,camara,data_envio,num_passaporte) VALUES ('77/63',1963,'Golães ','1963-08-21','15525/64');
INSERT INTO Processo_Entidade(Entidade_bi,Processo_num_processo) VALUES (2806233,'77/63');
INSERT INTO Destino_Entidade(pais,cidade,data_prevista_saida,profissao_futura,local,Entidade_bi) VALUES ('França ','null','no mais curto prazo ','Pedreiro ','Viriz Robert ',2806233);
INSERT INTO Habilitacoes_entidade(profissao,habilitacoes,local_trabalho,Entidade_bi) VALUES ('Pedreiro ','exame da 4ª classe ','Golães ',2806233);
INSERT INTO Processo (num_processo,ano,camara,data_envio,num_passaporte) VALUES ('60/63',1962,'Silvares ','1963-02-18','11857/63');
INSERT INTO Processo_Entidade(Entidade_bi,Processo_num_processo) VALUES (2792290,'60/63');
INSERT INTO Destino_Entidade(pais,cidade,data_prevista_saida,profissao_futura,local,Entidade_bi) VALUES ('França ','null','logo que obtenha autorizacão e passaporte ','Cimenteiro ','Stés des Mines de Bitume & Asphalte du Centre ',2792290);
INSERT INTO Habilitacoes_entidade(profissao,habilitacoes,local_trabalho,Entidade_bi) VALUES ('Trolha ','exame da 4ª classe ','Silvares ',2792290);
INSERT INTO Acompanhante(nome_acompanhante,data_nascimento,relacao,Entidade_bi,Processo_num_processo) VALUES ('Rosa Marques Ferreira ','1959-02-19','Filha',827491,'1/63');
INSERT INTO Acompanhante(nome_acompanhante,data_nascimento,relacao,Entidade_bi,Processo_num_processo) VALUES ('Nenhum ',null,null,1972857,'3/63');
INSERT INTO Acompanhante(nome_acompanhante,data_nascimento,relacao,Entidade_bi,Processo_num_processo) VALUES ('António Pinto ','1954-09-18','filho',2793505,'4/63');
INSERT INTO Acompanhante(nome_acompanhante,data_nascimento,relacao,Entidade_bi,Processo_num_processo) VALUES ('Joaquim Pinto ','1955-12-24','filho',2793505,'4/63');
INSERT INTO Acompanhante(nome_acompanhante,data_nascimento,relacao,Entidade_bi,Processo_num_processo) VALUES ('João Ribeiro Pinto ','1953-03-01','flho',2793505,'4/63');
INSERT INTO Acompanhante(nome_acompanhante,data_nascimento,relacao,Entidade_bi,Processo_num_processo) VALUES ('Maria Emília Ferreira Pinto ','1959-12-10','filha',2793505,'4/63');
INSERT INTO Acompanhante(nome_acompanhante,data_nascimento,relacao,Entidade_bi,Processo_num_processo) VALUES ('Henrique Ribeiro Pinto ','1961-06-24','filho',2793505,'4/63');
INSERT INTO Acompanhante(nome_acompanhante,data_nascimento,relacao,Entidade_bi,Processo_num_processo) VALUES ('Nenhum ',null,null,1942770,'5/63');
INSERT INTO Acompanhante(nome_acompanhante,data_nascimento,relacao,Entidade_bi,Processo_num_processo) VALUES ('Nenhum ',null,null,2779953,'8/63');
INSERT INTO Acompanhante(nome_acompanhante,data_nascimento,relacao,Entidade_bi,Processo_num_processo) VALUES ('António Nogueira ','1946-08-31','filho',2796256,'9/63');
INSERT INTO Acompanhante(nome_acompanhante,data_nascimento,relacao,Entidade_bi,Processo_num_processo) VALUES ('Arlindo Teixeira Martins ','1953-07-08','filho',2773394,'10/63');
INSERT INTO Acompanhante(nome_acompanhante,data_nascimento,relacao,Entidade_bi,Processo_num_processo) VALUES ('Arminda de Lourdes Vieira ','1939-04-17','esposa',2732617,'11/63');
INSERT INTO Acompanhante(nome_acompanhante,data_nascimento,relacao,Entidade_bi,Processo_num_processo) VALUES ('Justina Rodrigues Vaz ','1948-07-27','filha',2800008,'13/63');
INSERT INTO Acompanhante(nome_acompanhante,data_nascimento,relacao,Entidade_bi,Processo_num_processo) VALUES ('Deolinda dos Prazeres R. Vaz ','1950-06-12','filha',2800008,'13/63');
INSERT INTO Acompanhante(nome_acompanhante,data_nascimento,relacao,Entidade_bi,Processo_num_processo) VALUES ('Júlia Rodrigues Vaz ','1952-12-07','filha',2800008,'13/63');
INSERT INTO Acompanhante(nome_acompanhante,data_nascimento,relacao,Entidade_bi,Processo_num_processo) VALUES ('Amadeu Rodrigues Vaz ','1954-05-01','filho',2800008,'13/63');
INSERT INTO Acompanhante(nome_acompanhante,data_nascimento,relacao,Entidade_bi,Processo_num_processo) VALUES ('Manuel Rodrigues Vaz ','1956-07-24','filho',2800008,'13/63');
INSERT INTO Acompanhante(nome_acompanhante,data_nascimento,relacao,Entidade_bi,Processo_num_processo) VALUES ('Augusto Rodrigues Vaz ','1958-08-29','filho',2800008,'13/63');
INSERT INTO Acompanhante(nome_acompanhante,data_nascimento,relacao,Entidade_bi,Processo_num_processo) VALUES ('Joaquim Rodrigues Vaz ','1962-09-29','filho',2800008,'13/63');
INSERT INTO Acompanhante(nome_acompanhante,data_nascimento,relacao,Entidade_bi,Processo_num_processo) VALUES ('Nenhum ',null,null,2751805,'14/63');
INSERT INTO Acompanhante(nome_acompanhante,data_nascimento,relacao,Entidade_bi,Processo_num_processo) VALUES ('Nenhum ',null,null,2798724,'15/63');
INSERT INTO Acompanhante(nome_acompanhante,data_nascimento,relacao,Entidade_bi,Processo_num_processo) VALUES ('Nenhum ',null,null,2711499,'16/83');
INSERT INTO Acompanhante(nome_acompanhante,data_nascimento,relacao,Entidade_bi,Processo_num_processo) VALUES ('Nenhum ',null,null,949976,'17/63');
INSERT INTO Acompanhante(nome_acompanhante,data_nascimento,relacao,Entidade_bi,Processo_num_processo) VALUES ('Nenhum ',null,null,2679684,'18/63');
INSERT INTO Acompanhante(nome_acompanhante,data_nascimento,relacao,Entidade_bi,Processo_num_processo) VALUES ('Nenhum ',null,null,1707142,'19/63');
INSERT INTO Acompanhante(nome_acompanhante,data_nascimento,relacao,Entidade_bi,Processo_num_processo) VALUES ('Nenhum ',null,null,947575,'20/63');
INSERT INTO Acompanhante(nome_acompanhante,data_nascimento,relacao,Entidade_bi,Processo_num_processo) VALUES ('Emília Lemos Oliveira ','1955-02-08','filha',2790420,'21/63');
INSERT INTO Acompanhante(nome_acompanhante,data_nascimento,relacao,Entidade_bi,Processo_num_processo) VALUES ('Nenhum ',null,null,1932615,'22/63');
INSERT INTO Acompanhante(nome_acompanhante,data_nascimento,relacao,Entidade_bi,Processo_num_processo) VALUES ('Nenhum ',null,null,2803062,'23/63');
INSERT INTO Acompanhante(nome_acompanhante,data_nascimento,relacao,Entidade_bi,Processo_num_processo) VALUES ('Nenhum ',null,null,1734417,'24/63');
INSERT INTO Acompanhante(nome_acompanhante,data_nascimento,relacao,Entidade_bi,Processo_num_processo) VALUES ('Nenhum ',null,null,1763562,'25/63');
INSERT INTO Acompanhante(nome_acompanhante,data_nascimento,relacao,Entidade_bi,Processo_num_processo) VALUES ('Nenhum ',null,null,2779951,'26/63');
INSERT INTO Acompanhante(nome_acompanhante,data_nascimento,relacao,Entidade_bi,Processo_num_processo) VALUES ('Nenhum ',null,null,2791910,'27/63');
INSERT INTO Acompanhante(nome_acompanhante,data_nascimento,relacao,Entidade_bi,Processo_num_processo) VALUES ('Nenhum ',null,null,877533,'28/63');
INSERT INTO Acompanhante(nome_acompanhante,data_nascimento,relacao,Entidade_bi,Processo_num_processo) VALUES ('Emília Marinho Costa ','1953-03-09','filha',2809709,'30/63');
INSERT INTO Acompanhante(nome_acompanhante,data_nascimento,relacao,Entidade_bi,Processo_num_processo) VALUES ('Maria Arminda Marinho Costa ','1958-07-01','filho',2809709,'30/63');
INSERT INTO Acompanhante(nome_acompanhante,data_nascimento,relacao,Entidade_bi,Processo_num_processo) VALUES ('Nenhum ',null,null,1894249,'33/63');
INSERT INTO Acompanhante(nome_acompanhante,data_nascimento,relacao,Entidade_bi,Processo_num_processo) VALUES ('Nenhum ',null,null,749775,'34/63');
INSERT INTO Acompanhante(nome_acompanhante,data_nascimento,relacao,Entidade_bi,Processo_num_processo) VALUES ('Albino Ribeiro Gonçalves ','1957-10-25','filho',720807,'35/63');
INSERT INTO Acompanhante(nome_acompanhante,data_nascimento,relacao,Entidade_bi,Processo_num_processo) VALUES ('Maria Assucena Ribeiro Gonçalves ','1958-12-07','filha',720807,'35/63');
INSERT INTO Acompanhante(nome_acompanhante,data_nascimento,relacao,Entidade_bi,Processo_num_processo) VALUES ('Maria Helena Ribeiro Gonçalves ','1961-09-06','filha',720807,'35/63');
INSERT INTO Acompanhante(nome_acompanhante,data_nascimento,relacao,Entidade_bi,Processo_num_processo) VALUES ('Maria Emília Ribeiro Gonçalves ','1962-12-17','filho',720807,'35/63');
INSERT INTO Acompanhante(nome_acompanhante,data_nascimento,relacao,Entidade_bi,Processo_num_processo) VALUES ('Nenhum ',null,null,2803061,'36/63');
INSERT INTO Acompanhante(nome_acompanhante,data_nascimento,relacao,Entidade_bi,Processo_num_processo) VALUES ('Nenhum ',null,null,2770604,'37/63');
INSERT INTO Acompanhante(nome_acompanhante,data_nascimento,relacao,Entidade_bi,Processo_num_processo) VALUES ('Nenhum ',null,null,2793387,'39/63');
INSERT INTO Acompanhante(nome_acompanhante,data_nascimento,relacao,Entidade_bi,Processo_num_processo) VALUES ('Nenhum ',null,null,2805845,'40/63');
INSERT INTO Acompanhante(nome_acompanhante,data_nascimento,relacao,Entidade_bi,Processo_num_processo) VALUES ('Nenhum ',null,null,2685009,'41/63');
INSERT INTO Acompanhante(nome_acompanhante,data_nascimento,relacao,Entidade_bi,Processo_num_processo) VALUES ('José Maria Rodrigues ','1945-07-26','filho',2673066,'43/93');
INSERT INTO Acompanhante(nome_acompanhante,data_nascimento,relacao,Entidade_bi,Processo_num_processo) VALUES ('Daniel Rodrigues ','1950-04-02','filho',2673066,'43/93');
INSERT INTO Acompanhante(nome_acompanhante,data_nascimento,relacao,Entidade_bi,Processo_num_processo) VALUES ('Olinda Rodrigues ','1954-08-17','Filha',2673066,'43/93');
INSERT INTO Acompanhante(nome_acompanhante,data_nascimento,relacao,Entidade_bi,Processo_num_processo) VALUES ('Nenhum ',null,null,950958,'44/63');
INSERT INTO Acompanhante(nome_acompanhante,data_nascimento,relacao,Entidade_bi,Processo_num_processo) VALUES ('Nenhum ',null,null,2809577,'45/63');
INSERT INTO Acompanhante(nome_acompanhante,data_nascimento,relacao,Entidade_bi,Processo_num_processo) VALUES ('Nenhum ',null,null,2793806,'46/63');
INSERT INTO Acompanhante(nome_acompanhante,data_nascimento,relacao,Entidade_bi,Processo_num_processo) VALUES ('Nenhum ',null,null,2764673,'47/63');
INSERT INTO Acompanhante(nome_acompanhante,data_nascimento,relacao,Entidade_bi,Processo_num_processo) VALUES ('Nenhum ',null,null,2798046,'48/63');
INSERT INTO Acompanhante(nome_acompanhante,data_nascimento,relacao,Entidade_bi,Processo_num_processo) VALUES ('Nenhum ',null,null,2711268,'49/63');
INSERT INTO Acompanhante(nome_acompanhante,data_nascimento,relacao,Entidade_bi,Processo_num_processo) VALUES ('Nenhum ',null,null,1681275,'50/63');
INSERT INTO Acompanhante(nome_acompanhante,data_nascimento,relacao,Entidade_bi,Processo_num_processo) VALUES ('Nenhum ',null,null,1892688,'53/63');
INSERT INTO Acompanhante(nome_acompanhante,data_nascimento,relacao,Entidade_bi,Processo_num_processo) VALUES ('Nenhum ',null,null,1807470,'54/63');
INSERT INTO Acompanhante(nome_acompanhante,data_nascimento,relacao,Entidade_bi,Processo_num_processo) VALUES ('Nenhum ',null,null,788532,'55/63');
INSERT INTO Acompanhante(nome_acompanhante,data_nascimento,relacao,Entidade_bi,Processo_num_processo) VALUES ('Nenhum ',null,null,776559,'57/63');
INSERT INTO Acompanhante(nome_acompanhante,data_nascimento,relacao,Entidade_bi,Processo_num_processo) VALUES ('José Avelino Freitas Lemos ','1958-10-20','filho',772213,'58/63');
INSERT INTO Acompanhante(nome_acompanhante,data_nascimento,relacao,Entidade_bi,Processo_num_processo) VALUES ('Laurinda Freitas Lemos ','1960-04-02','filho',772213,'58/63');
INSERT INTO Acompanhante(nome_acompanhante,data_nascimento,relacao,Entidade_bi,Processo_num_processo) VALUES ('Maria Isaura Freitas Lemos ','1962-10-11','Filha',772213,'58/63');
INSERT INTO Acompanhante(nome_acompanhante,data_nascimento,relacao,Entidade_bi,Processo_num_processo) VALUES ('Maria Emilia da Cunha ','1943-02-20','filha',2806629,'59/63');
INSERT INTO Acompanhante(nome_acompanhante,data_nascimento,relacao,Entidade_bi,Processo_num_processo) VALUES ('Nenhum ',null,null,2792290,'60/63');
INSERT INTO Acompanhante(nome_acompanhante,data_nascimento,relacao,Entidade_bi,Processo_num_processo) VALUES ('Nenhum ',null,null,2809759,'62/63');
INSERT INTO Acompanhante(nome_acompanhante,data_nascimento,relacao,Entidade_bi,Processo_num_processo) VALUES ('Nenhum ',null,null,1943190,'63/63');
INSERT INTO Acompanhante(nome_acompanhante,data_nascimento,relacao,Entidade_bi,Processo_num_processo) VALUES ('Nenhum ',null,null,2806235,'66/63');
INSERT INTO Acompanhante(nome_acompanhante,data_nascimento,relacao,Entidade_bi,Processo_num_processo) VALUES ('Nenhum ',null,null,2803048,'67/63');
INSERT INTO Acompanhante(nome_acompanhante,data_nascimento,relacao,Entidade_bi,Processo_num_processo) VALUES ('Nenhum ',null,null,1887894,'68/63');
INSERT INTO Acompanhante(nome_acompanhante,data_nascimento,relacao,Entidade_bi,Processo_num_processo) VALUES ('Nenhum ',null,null,2814433,'69/63');
INSERT INTO Acompanhante(nome_acompanhante,data_nascimento,relacao,Entidade_bi,Processo_num_processo) VALUES ('Nenhum ',null,null,2793297,'74/63');
INSERT INTO Acompanhante(nome_acompanhante,data_nascimento,relacao,Entidade_bi,Processo_num_processo) VALUES ('Nenhum ',null,null,822760,'73/63');
INSERT INTO Acompanhante(nome_acompanhante,data_nascimento,relacao,Entidade_bi,Processo_num_processo) VALUES ('Nenhum ',null,null,1718987,'72/63');
INSERT INTO Acompanhante(nome_acompanhante,data_nascimento,relacao,Entidade_bi,Processo_num_processo) VALUES ('Joaquim Antunes Oliveira ','1949/09/25','filho',2820778,'71/63');
INSERT INTO Acompanhante(nome_acompanhante,data_nascimento,relacao,Entidade_bi,Processo_num_processo) VALUES ('José Antunes Oliveira ','1951/08/12','filho',2820778,'71/63');
INSERT INTO Acompanhante(nome_acompanhante,data_nascimento,relacao,Entidade_bi,Processo_num_processo) VALUES ('Maria de Fátima Oliveira ','1954/07/30','filha',2820778,'71/63');
INSERT INTO Acompanhante(nome_acompanhante,data_nascimento,relacao,Entidade_bi,Processo_num_processo) VALUES ('Júlia Oliveira ','1956/11/15','filha',2820778,'71/63');
INSERT INTO Acompanhante(nome_acompanhante,data_nascimento,relacao,Entidade_bi,Processo_num_processo) VALUES ('Florinda Antunes de Oliveira ','1961/06/08','filha',2820778,'71/63');
INSERT INTO Acompanhante(nome_acompanhante,data_nascimento,relacao,Entidade_bi,Processo_num_processo) VALUES ('Nenhum ',null,null,1708371,'70/63');
INSERT INTO Acompanhante(nome_acompanhante,data_nascimento,relacao,Entidade_bi,Processo_num_processo) VALUES ('Nenhum ',null,null,2654781,'75/63');
INSERT INTO Acompanhante(nome_acompanhante,data_nascimento,relacao,Entidade_bi,Processo_num_processo) VALUES ('Nenhum ',null,null,2703354,'76/63');
INSERT INTO Acompanhante(nome_acompanhante,data_nascimento,relacao,Entidade_bi,Processo_num_processo) VALUES ('António Ribeiro Dias ','1951/10/19','filho',2806233,'77/63');
INSERT INTO Acompanhante(nome_acompanhante,data_nascimento,relacao,Entidade_bi,Processo_num_processo) VALUES ('Maria Antónia Ribeiro Dias ','1956/05/06','Filha',2806233,'77/63');
INSERT INTO Acompanhante(nome_acompanhante,data_nascimento,relacao,Entidade_bi,Processo_num_processo) VALUES ('Maria Carminda Ribeiro Dias ','1958/04/24','Filha',2806233,'77/63');
INSERT INTO Acompanhante(nome_acompanhante,data_nascimento,relacao,Entidade_bi,Processo_num_processo) VALUES ('Nenhum ',null,null,912134,'78/63');
INSERT INTO Acompanhante(nome_acompanhante,data_nascimento,relacao,Entidade_bi,Processo_num_processo) VALUES ('Nenhum ',null,null,839588,'79/63');
INSERT INTO Acompanhante(nome_acompanhante,data_nascimento,relacao,Entidade_bi,Processo_num_processo) VALUES ('Nenhum ',null,null,1745976,'80/63');
INSERT INTO Acompanhante(nome_acompanhante,data_nascimento,relacao,Entidade_bi,Processo_num_processo) VALUES ('Nenhum ',null,null,815156,'81/63');
INSERT INTO Acompanhante(nome_acompanhante,data_nascimento,relacao,Entidade_bi,Processo_num_processo) VALUES ('Nenhum ',null,null,2809795,'82/63');
INSERT INTO Acompanhante(nome_acompanhante,data_nascimento,relacao,Entidade_bi,Processo_num_processo) VALUES ('Nenhum ',null,null,2808926,'83/63');
INSERT INTO Acompanhante(nome_acompanhante,data_nascimento,relacao,Entidade_bi,Processo_num_processo) VALUES ('Nenhum ',null,null,776554,'84/63');
INSERT INTO Acompanhante(nome_acompanhante,data_nascimento,relacao,Entidade_bi,Processo_num_processo) VALUES ('Nenhum ',null,null,1944627,'85/63');
INSERT INTO Acompanhante(nome_acompanhante,data_nascimento,relacao,Entidade_bi,Processo_num_processo) VALUES ('Nenhum ',null,null,1880107,'86/63');
INSERT INTO Acompanhante(nome_acompanhante,data_nascimento,relacao,Entidade_bi,Processo_num_processo) VALUES ('Nenhum ',null,null,1694074,'87/63');
INSERT INTO Acompanhante(nome_acompanhante,data_nascimento,relacao,Entidade_bi,Processo_num_processo) VALUES ('Nenhum ',null,null,1811399,'88/63');
INSERT INTO Acompanhante(nome_acompanhante,data_nascimento,relacao,Entidade_bi,Processo_num_processo) VALUES ('Nenhum ',null,null,704219,'89/63');
INSERT INTO Acompanhante(nome_acompanhante,data_nascimento,relacao,Entidade_bi,Processo_num_processo) VALUES ('Nenhum ',null,null,1892167,'90/63');
INSERT INTO Acompanhante(nome_acompanhante,data_nascimento,relacao,Entidade_bi,Processo_num_processo) VALUES ('Nenhum ',null,null,1675530,'91/63');
INSERT INTO Acompanhante(nome_acompanhante,data_nascimento,relacao,Entidade_bi,Processo_num_processo) VALUES ('Nenhum ',null,null,720811,'92/63');
INSERT INTO Acompanhante(nome_acompanhante,data_nascimento,relacao,Entidade_bi,Processo_num_processo) VALUES ('Nenhum ',null,null,863248,'93/63');
INSERT INTO Acompanhante(nome_acompanhante,data_nascimento,relacao,Entidade_bi,Processo_num_processo) VALUES ('Nenhum ',null,null,2819310,'94/63');
INSERT INTO Acompanhante(nome_acompanhante,data_nascimento,relacao,Entidade_bi,Processo_num_processo) VALUES ('Nenhum ',null,null,2677175,'95/63');
INSERT INTO Acompanhante(nome_acompanhante,data_nascimento,relacao,Entidade_bi,Processo_num_processo) VALUES ('Nenhum ',null,null,1736116,'96/63');
INSERT INTO Acompanhante(nome_acompanhante,data_nascimento,relacao,Entidade_bi,Processo_num_processo) VALUES ('Nenhum ',null,null,1717869,'97/63');
INSERT INTO Acompanhante(nome_acompanhante,data_nascimento,relacao,Entidade_bi,Processo_num_processo) VALUES ('Nenhum ',null,null,2759554,'98/63');
INSERT INTO Acompanhante(nome_acompanhante,data_nascimento,relacao,Entidade_bi,Processo_num_processo) VALUES ('Nenhum ',null,null,1859506,'99/63');
INSERT INTO Acompanhante(nome_acompanhante,data_nascimento,relacao,Entidade_bi,Processo_num_processo) VALUES ('Nenhum ',null,null,2763159,'100/63');
INSERT INTO Acompanhante(nome_acompanhante,data_nascimento,relacao,Entidade_bi,Processo_num_processo) VALUES ('Nenhum ',null,null,1738851,'101/63');
INSERT INTO Acompanhante(nome_acompanhante,data_nascimento,relacao,Entidade_bi,Processo_num_processo) VALUES ('Nenhum ',null,null,1718986,'102/63');
INSERT INTO Acompanhante(nome_acompanhante,data_nascimento,relacao,Entidade_bi,Processo_num_processo) VALUES ('Nenhum ',null,null,2812358,'104/63');
INSERT INTO Acompanhante(nome_acompanhante,data_nascimento,relacao,Entidade_bi,Processo_num_processo) VALUES ('Nenhum ',null,null,2826127,'105/63');
INSERT INTO Acompanhante(nome_acompanhante,data_nascimento,relacao,Entidade_bi,Processo_num_processo) VALUES ('Nenhum ',null,null,2813739,'106/63');
INSERT INTO Acompanhante(nome_acompanhante,data_nascimento,relacao,Entidade_bi,Processo_num_processo) VALUES ('Nenhum ',null,null,2635173,'107/63');
INSERT INTO Acompanhante(nome_acompanhante,data_nascimento,relacao,Entidade_bi,Processo_num_processo) VALUES ('Nenhum ',null,null,1834027,'108/63');
INSERT INTO Acompanhante(nome_acompanhante,data_nascimento,relacao,Entidade_bi,Processo_num_processo) VALUES ('Nenhum ',null,null,1973832,'109/63');
INSERT INTO Acompanhante(nome_acompanhante,data_nascimento,relacao,Entidade_bi,Processo_num_processo) VALUES ('Nenhum ',null,null,2689629,'111/63');
INSERT INTO Acompanhante(nome_acompanhante,data_nascimento,relacao,Entidade_bi,Processo_num_processo) VALUES ('Nenhum ',null,null,2791909,'112/63');
INSERT INTO Acompanhante(nome_acompanhante,data_nascimento,relacao,Entidade_bi,Processo_num_processo) VALUES ('Nenhum ',null,null,1879926,'113/63');
INSERT INTO Acompanhante(nome_acompanhante,data_nascimento,relacao,Entidade_bi,Processo_num_processo) VALUES ('Nenhum ',null,null,2816022,'115/63');
INSERT INTO Acompanhante(nome_acompanhante,data_nascimento,relacao,Entidade_bi,Processo_num_processo) VALUES ('Nenhum ',null,null,2816023,'116/63');
INSERT INTO Acompanhante(nome_acompanhante,data_nascimento,relacao,Entidade_bi,Processo_num_processo) VALUES ('Nenhum ',null,null,1880009,'118/63');
INSERT INTO Acompanhante(nome_acompanhante,data_nascimento,relacao,Entidade_bi,Processo_num_processo) VALUES ('Nenhum ',null,null,903667,'119/63');
INSERT INTO Acompanhante(nome_acompanhante,data_nascimento,relacao,Entidade_bi,Processo_num_processo) VALUES ('Nenhum ',null,null,863578,'120/63');
INSERT INTO Acompanhante(nome_acompanhante,data_nascimento,relacao,Entidade_bi,Processo_num_processo) VALUES ('Nenhum ',null,null,856508,'121/63');
INSERT INTO Acompanhante(nome_acompanhante,data_nascimento,relacao,Entidade_bi,Processo_num_processo) VALUES ('Nenhum ',null,null,2794864,'122/63');
INSERT INTO Acompanhante(nome_acompanhante,data_nascimento,relacao,Entidade_bi,Processo_num_processo) VALUES ('Nenhum ',null,null,2794864,'122/63');
INSERT INTO Acompanhante(nome_acompanhante,data_nascimento,relacao,Entidade_bi,Processo_num_processo) VALUES ('Nenhum ',null,null,1860273,'123/63');
INSERT INTO Acompanhante(nome_acompanhante,data_nascimento,relacao,Entidade_bi,Processo_num_processo) VALUES ('Nenhum ',null,null,1749834,'124/63');
INSERT INTO Acompanhante(nome_acompanhante,data_nascimento,relacao,Entidade_bi,Processo_num_processo) VALUES ('Nenhum ',null,null,2685248,'126/63');
INSERT INTO Acompanhante(nome_acompanhante,data_nascimento,relacao,Entidade_bi,Processo_num_processo) VALUES ('Nenhum ',null,null,2815718,'127/63');
INSERT INTO Acompanhante(nome_acompanhante,data_nascimento,relacao,Entidade_bi,Processo_num_processo) VALUES ('Nenhum ',null,null,2774690,'128/63');
INSERT INTO Acompanhante(nome_acompanhante,data_nascimento,relacao,Entidade_bi,Processo_num_processo) VALUES ('Maria de Lourdes Martins ','1935/09/15','esposa',788531,'130/63');
INSERT INTO Acompanhante(nome_acompanhante,data_nascimento,relacao,Entidade_bi,Processo_num_processo) VALUES ('Carlos Alberto Martins Castro ','1958/11/02','filho',788531,'130/63');
INSERT INTO Acompanhante(nome_acompanhante,data_nascimento,relacao,Entidade_bi,Processo_num_processo) VALUES ('Maria Conceição Martins Castro ','1960/04/25','filha',788531,'130/63');
INSERT INTO Acompanhante(nome_acompanhante,data_nascimento,relacao,Entidade_bi,Processo_num_processo) VALUES ('Nenhum ',null,null,1880106,'131/63');
INSERT INTO Acompanhante(nome_acompanhante,data_nascimento,relacao,Entidade_bi,Processo_num_processo) VALUES ('Nenhum ',null,null,1669210,'133/63');
INSERT INTO Acompanhante(nome_acompanhante,data_nascimento,relacao,Entidade_bi,Processo_num_processo) VALUES ('Nenhum ',null,null,1880013,'134/63');
INSERT INTO Acompanhante(nome_acompanhante,data_nascimento,relacao,Entidade_bi,Processo_num_processo) VALUES ('Nenhum ',null,null,2750917,'135/63');
INSERT INTO Acompanhante(nome_acompanhante,data_nascimento,relacao,Entidade_bi,Processo_num_processo) VALUES ('Nenhum ',null,null,2677883,'136/63');
INSERT INTO Acompanhante(nome_acompanhante,data_nascimento,relacao,Entidade_bi,Processo_num_processo) VALUES ('Nenhum ',null,null,2797712,'137/63');
INSERT INTO Acompanhante(nome_acompanhante,data_nascimento,relacao,Entidade_bi,Processo_num_processo) VALUES ('Nenhum ',null,null,1879925,'138/63');
INSERT INTO Acompanhante(nome_acompanhante,data_nascimento,relacao,Entidade_bi,Processo_num_processo) VALUES ('Nenhum ',null,null,2757133,'139/63');
INSERT INTO Acompanhante(nome_acompanhante,data_nascimento,relacao,Entidade_bi,Processo_num_processo) VALUES ('Nenhum ',null,null,1789943,'141/63');
INSERT INTO Acompanhante(nome_acompanhante,data_nascimento,relacao,Entidade_bi,Processo_num_processo) VALUES ('Nenhum ',null,null,1712593,'142/63');
INSERT INTO Acompanhante(nome_acompanhante,data_nascimento,relacao,Entidade_bi,Processo_num_processo) VALUES ('Nenhum ',null,null,2823484,'143/63');
INSERT INTO Acompanhante(nome_acompanhante,data_nascimento,relacao,Entidade_bi,Processo_num_processo) VALUES ('Nenhum ',null,null,2654896,'144/63');
INSERT INTO Acompanhante(nome_acompanhante,data_nascimento,relacao,Entidade_bi,Processo_num_processo) VALUES ('Nenhum ',null,null,1806089,'154/63');
INSERT INTO Acompanhante(nome_acompanhante,data_nascimento,relacao,Entidade_bi,Processo_num_processo) VALUES ('Nenhum ',null,null,1887883,'146/63');
INSERT INTO Acompanhante(nome_acompanhante,data_nascimento,relacao,Entidade_bi,Processo_num_processo) VALUES ('Nenhum ',null,null,2828093,'147/63');
INSERT INTO Acompanhante(nome_acompanhante,data_nascimento,relacao,Entidade_bi,Processo_num_processo) VALUES ('Nenhum ',null,null,1811400,'148/63');
INSERT INTO Acompanhante(nome_acompanhante,data_nascimento,relacao,Entidade_bi,Processo_num_processo) VALUES ('Nenhum ',null,null,1847522,'149/63');
INSERT INTO Acompanhante(nome_acompanhante,data_nascimento,relacao,Entidade_bi,Processo_num_processo) VALUES ('Nenhum ',null,null,2803637,'150/63');
INSERT INTO Acompanhante(nome_acompanhante,data_nascimento,relacao,Entidade_bi,Processo_num_processo) VALUES ('Nenhum ',null,null,2841160,'151/63');
INSERT INTO Acompanhante(nome_acompanhante,data_nascimento,relacao,Entidade_bi,Processo_num_processo) VALUES ('Nenhum ',null,null,2841169,'152/63');
INSERT INTO Acompanhante(nome_acompanhante,data_nascimento,relacao,Entidade_bi,Processo_num_processo) VALUES ('Nenhum ',null,null,3747541,'183/63');
INSERT INTO Acompanhante(nome_acompanhante,data_nascimento,relacao,Entidade_bi,Processo_num_processo) VALUES ('Nenhum ',null,null,1981400,'154/634');
INSERT INTO Acompanhante(nome_acompanhante,data_nascimento,relacao,Entidade_bi,Processo_num_processo) VALUES ('Nenhum ',null,null,1680461,'155/63');
INSERT INTO Acompanhante(nome_acompanhante,data_nascimento,relacao,Entidade_bi,Processo_num_processo) VALUES ('Nenhum ',null,null,1800868,'156/63');
INSERT INTO Acompanhante(nome_acompanhante,data_nascimento,relacao,Entidade_bi,Processo_num_processo) VALUES ('Nenhum ',null,null,1880019,'157/63');
INSERT INTO Acompanhante(nome_acompanhante,data_nascimento,relacao,Entidade_bi,Processo_num_processo) VALUES ('Nenhum ',null,null,984830,'158/63');
INSERT INTO Acompanhante(nome_acompanhante,data_nascimento,relacao,Entidade_bi,Processo_num_processo) VALUES ('Nenhum ',null,null,2836163,'159/63');
INSERT INTO Acompanhante(nome_acompanhante,data_nascimento,relacao,Entidade_bi,Processo_num_processo) VALUES ('Nenhum ',null,null,2839655,'160/63');
INSERT INTO Acompanhante(nome_acompanhante,data_nascimento,relacao,Entidade_bi,Processo_num_processo) VALUES ('Nenhum ',null,null,2828624,'161/63');
INSERT INTO Acompanhante(nome_acompanhante,data_nascimento,relacao,Entidade_bi,Processo_num_processo) VALUES ('Nenhum ',null,null,1770938,'163/63');
INSERT INTO Acompanhante(nome_acompanhante,data_nascimento,relacao,Entidade_bi,Processo_num_processo) VALUES ('Nenhum ',null,null,926350,'165/63');
INSERT INTO Acompanhante(nome_acompanhante,data_nascimento,relacao,Entidade_bi,Processo_num_processo) VALUES ('Nenhum ',null,null,782998,'166/63');
INSERT INTO Acompanhante(nome_acompanhante,data_nascimento,relacao,Entidade_bi,Processo_num_processo) VALUES ('Nenhum ',null,null,2833540,'167/63');
INSERT INTO Acompanhante(nome_acompanhante,data_nascimento,relacao,Entidade_bi,Processo_num_processo) VALUES ('Nenhum ',null,null,2840847,'168/63');
INSERT INTO Acompanhante(nome_acompanhante,data_nascimento,relacao,Entidade_bi,Processo_num_processo) VALUES ('Nenhum ',null,null,2836484,'170/63');
INSERT INTO Acompanhante(nome_acompanhante,data_nascimento,relacao,Entidade_bi,Processo_num_processo) VALUES ('Nenhum ',null,null,2678967,'171/63');
INSERT INTO Acompanhante(nome_acompanhante,data_nascimento,relacao,Entidade_bi,Processo_num_processo) VALUES ('Nenhum ',null,null,1984102,'172/63');
INSERT INTO Acompanhante(nome_acompanhante,data_nascimento,relacao,Entidade_bi,Processo_num_processo) VALUES ('Nenhum ',null,null,1977925,'173/63');
INSERT INTO Acompanhante(nome_acompanhante,data_nascimento,relacao,Entidade_bi,Processo_num_processo) VALUES ('Nenhum ',null,null,1977926,'174/63');
INSERT INTO Acompanhante(nome_acompanhante,data_nascimento,relacao,Entidade_bi,Processo_num_processo) VALUES ('Nenhum ',null,null,1929398,'175/63');
INSERT INTO Acompanhante(nome_acompanhante,data_nascimento,relacao,Entidade_bi,Processo_num_processo) VALUES ('Nenhum ',null,null,2857056,'176/63');
INSERT INTO Acompanhante(nome_acompanhante,data_nascimento,relacao,Entidade_bi,Processo_num_processo) VALUES ('Nenhum ',null,null,2841171,'177/63');
INSERT INTO Acompanhante(nome_acompanhante,data_nascimento,relacao,Entidade_bi,Processo_num_processo) VALUES ('Nenhum ',null,null,947026,'178/63');
INSERT INTO Acompanhante(nome_acompanhante,data_nascimento,relacao,Entidade_bi,Processo_num_processo) VALUES ('Nenhum ',null,null,1716572,'181/63');
INSERT INTO Acompanhante(nome_acompanhante,data_nascimento,relacao,Entidade_bi,Processo_num_processo) VALUES ('Nenhum ',null,null,2841164,'182/63');
INSERT INTO Acompanhante(nome_acompanhante,data_nascimento,relacao,Entidade_bi,Processo_num_processo) VALUES ('Nenhum ',null,null,1742473,'183/63');
INSERT INTO Acompanhante(nome_acompanhante,data_nascimento,relacao,Entidade_bi,Processo_num_processo) VALUES ('Nenhum ',null,null,714349,'184/63');
INSERT INTO Acompanhante(nome_acompanhante,data_nascimento,relacao,Entidade_bi,Processo_num_processo) VALUES ('Nenhum ',null,null,2716680,'185/63');
INSERT INTO Acompanhante(nome_acompanhante,data_nascimento,relacao,Entidade_bi,Processo_num_processo) VALUES ('Nenhum ',null,null,1879229,'186/63');
INSERT INTO Acompanhante(nome_acompanhante,data_nascimento,relacao,Entidade_bi,Processo_num_processo) VALUES ('Nenhum ',null,null,2868854,'188/63');
INSERT INTO Acompanhante(nome_acompanhante,data_nascimento,relacao,Entidade_bi,Processo_num_processo) VALUES ('Nenhum ',null,null,2833548,'189/63');
INSERT INTO Acompanhante(nome_acompanhante,data_nascimento,relacao,Entidade_bi,Processo_num_processo) VALUES ('José Carlos Freitas Pereira ','1962/04/17','filho',1783587,'190/63');
INSERT INTO Acompanhante(nome_acompanhante,data_nascimento,relacao,Entidade_bi,Processo_num_processo) VALUES ('Nenhum ',null,null,2833543,'191/63');
INSERT INTO Acompanhante(nome_acompanhante,data_nascimento,relacao,Entidade_bi,Processo_num_processo) VALUES ('Nenhum ',null,null,2764675,'192/63');
INSERT INTO Acompanhante(nome_acompanhante,data_nascimento,relacao,Entidade_bi,Processo_num_processo) VALUES ('Nenhum ',null,null,2849934,'194/63');
INSERT INTO Acompanhante(nome_acompanhante,data_nascimento,relacao,Entidade_bi,Processo_num_processo) VALUES ('Nenhum ',null,null,2717854,'195/63');
INSERT INTO Acompanhante(nome_acompanhante,data_nascimento,relacao,Entidade_bi,Processo_num_processo) VALUES ('Nenhum ',null,null,944665,'196/63');
INSERT INTO Acompanhante(nome_acompanhante,data_nascimento,relacao,Entidade_bi,Processo_num_processo) VALUES ('Nenhum ',null,null,944665,'196/63');
INSERT INTO Acompanhante(nome_acompanhante,data_nascimento,relacao,Entidade_bi,Processo_num_processo) VALUES ('Nenhum ',null,null,926886,'198/63');
INSERT INTO Acompanhante(nome_acompanhante,data_nascimento,relacao,Entidade_bi,Processo_num_processo) VALUES ('Nenhum ',null,null,2711715,'199/63');
INSERT INTO Acompanhante(nome_acompanhante,data_nascimento,relacao,Entidade_bi,Processo_num_processo) VALUES ('Nenhum ',null,null,2864160,'200/63');
INSERT INTO Acompanhante(nome_acompanhante,data_nascimento,relacao,Entidade_bi,Processo_num_processo) VALUES ('Nenhum ',null,null,1734260,'203/63');
INSERT INTO Acompanhante(nome_acompanhante,data_nascimento,relacao,Entidade_bi,Processo_num_processo) VALUES ('Albertina Silva Santos ','1936/03/29','filha',2852590,'204/63');
INSERT INTO Acompanhante(nome_acompanhante,data_nascimento,relacao,Entidade_bi,Processo_num_processo) VALUES ('Nenhum ',null,null,2849928,'205/63');
INSERT INTO Acompanhante(nome_acompanhante,data_nascimento,relacao,Entidade_bi,Processo_num_processo) VALUES ('Nenhum ',null,null,937634,'206/63');
INSERT INTO Acompanhante(nome_acompanhante,data_nascimento,relacao,Entidade_bi,Processo_num_processo) VALUES ('Nenhum ',null,null,1894253,'207/63');
INSERT INTO Acompanhante(nome_acompanhante,data_nascimento,relacao,Entidade_bi,Processo_num_processo) VALUES ('Nenhum ',null,null,749776,'208/63');
INSERT INTO Acompanhante(nome_acompanhante,data_nascimento,relacao,Entidade_bi,Processo_num_processo) VALUES ('Nenhum ',null,null,2706466,'209/63');
INSERT INTO Acompanhante(nome_acompanhante,data_nascimento,relacao,Entidade_bi,Processo_num_processo) VALUES ('Nenhum ',null,null,1759909,'210/63');
INSERT INTO Acompanhante(nome_acompanhante,data_nascimento,relacao,Entidade_bi,Processo_num_processo) VALUES ('Nenhum ',null,null,2688613,'211/63');
INSERT INTO Acompanhante(nome_acompanhante,data_nascimento,relacao,Entidade_bi,Processo_num_processo) VALUES ('Nenhum ',null,null,765731,'212/63');
INSERT INTO Acompanhante(nome_acompanhante,data_nascimento,relacao,Entidade_bi,Processo_num_processo) VALUES ('Nenhum ',null,null,2728986,'221/63');
INSERT INTO Acompanhante(nome_acompanhante,data_nascimento,relacao,Entidade_bi,Processo_num_processo) VALUES ('Nenhum ',null,null,2821026,'231/63');
INSERT INTO Acompanhante(nome_acompanhante,data_nascimento,relacao,Entidade_bi,Processo_num_processo) VALUES ('Nenhum ',null,null,757690,'217/63');
INSERT INTO Acompanhante(nome_acompanhante,data_nascimento,relacao,Entidade_bi,Processo_num_processo) VALUES ('Nenhum ',null,null,998467,'216/63');
INSERT INTO Acompanhante(nome_acompanhante,data_nascimento,relacao,Entidade_bi,Processo_num_processo) VALUES ('Nenhum ',null,null,2888060,'243/63');
INSERT INTO Acompanhante(nome_acompanhante,data_nascimento,relacao,Entidade_bi,Processo_num_processo) VALUES ('Nenhum ',null,null,748687,'288/63');
INSERT INTO Acompanhante(nome_acompanhante,data_nascimento,relacao,Entidade_bi,Processo_num_processo) VALUES ('Nenhum ',null,null,1818379,'367/63');
INSERT INTO Acompanhante(nome_acompanhante,data_nascimento,relacao,Entidade_bi,Processo_num_processo) VALUES ('Nenhum ',null,null,2744791,'391/63');
INSERT INTO Acompanhante(nome_acompanhante,data_nascimento,relacao,Entidade_bi,Processo_num_processo) VALUES ('Nenhum ',null,null,2887092,'252/63');
INSERT INTO Acompanhante(nome_acompanhante,data_nascimento,relacao,Entidade_bi,Processo_num_processo) VALUES ('Nenhum ',null,null,2878553,'225/63');
INSERT INTO Acompanhante(nome_acompanhante,data_nascimento,relacao,Entidade_bi,Processo_num_processo) VALUES ('Nenhum ',null,null,2880610,'226/63');
INSERT INTO Acompanhante(nome_acompanhante,data_nascimento,relacao,Entidade_bi,Processo_num_processo) VALUES ('Nenhum ',null,null,2857058,'220/63');
